2.119857e-06,52.38,77.41
1.7386756756756754e-06,52.5,53.14
2.441110000000001e-06,52.72,4.59
2.1837870967741936e-06,52.84,-19.68
2.1068765624999997e-06,52.95,-43.95
2.6812212903225804e-06,53.39,-141.06
2.740689655172413e-06,53.7,146.09
2.0295006666666673e-06,53.91,97.53
2.040213793103449e-06,54.01,73.24
2.0353356250000006e-06,54.19,24.66
2.3457428571428565e-06,54.28,0.36
2.4974034482758628e-06,54.91,-169.69
2.1628433333333327e-06,55.17,117.41
1.8643900000000002e-06,55.33,68.81
1.8907276666666665e-06,55.41,44.5
1.868490625e-06,55.48,20.19
1.9688516129032257e-06,55.56,-4.12
2.2721392857142863e-06,55.64,-28.42
8.920666666666666e-07,55.87,-101.34
5.024923076923077e-06,56.01,-149.97
2.523075000000001e-06,56.08,-174.28
2.3460730769230766e-06,56.29,112.78
1.8200346666666663e-06,56.36,88.47
1.6945266666666664e-06,56.49,39.83
1.969586666666667e-06,56.56,15.5
2.374996e-06,56.62,-8.82
2.3836615384615387e-06,56.69,-33.14
2.7593260869565217e-06,56.94,-130.42
2.589996153846154e-06,57.0,-154.75
2.1271637931034485e-06,57.06,-179.07
1.957147916666667e-06,57.3,83.63
1.5650321428571427e-06,57.36,59.3
1.8752474074074076e-06,57.41,34.96
2.415117391304348e-06,57.47,10.63
1.64183e-05,57.52,-13.71
2.4704004166666665e-06,57.79,-135.37
2.4608807692307695e-06,57.85,-159.7
2.150438928571428e-06,57.9,175.96
2.7527478260869564e-06,57.95,151.62
1.873112e-06,58.06,102.95
1.824522592592592e-06,58.15,54.27
1.93387037037037e-06,58.2,29.93
2.109207692307692e-06,58.25,5.58
2.1762000000000004e-06,58.3,-18.76
9.989550000000001e-07,58.35,-43.1
1.5470307692307693e-06,58.4,-67.44
2.467295833333334e-06,58.53,-140.48
2.297223076923077e-06,58.58,-164.82
2.6577217391304348e-06,58.62,170.83
2.7440999999999993e-06,58.67,146.49
1.8724519999999998e-06,58.76,97.8
1.8291500000000007e-06,58.81,73.45
1.7390239999999998e-06,58.85,49.09
2.238709090909091e-06,58.89,24.74
2.2964571428571437e-06,58.93,0.39
1.8105952380952374e-06,59.06,-72.66
2.0460136363636366e-06,59.1,-97.01
2.393730000000001e-06,59.18,-145.72
2.221436e-06,59.22,-170.08
2.563052173913043e-06,59.3,141.21
2.1222471428571426e-06,59.34,116.86
1.855317391304348e-06,59.42,68.15
1.7368750000000002e-06,59.46,43.78
2.020117391304348e-06,59.5,19.42
2.069868181818182e-06,59.54,-4.94
1.8343130434782608e-06,59.57,-29.29
1.585670833333333e-06,59.65,-78.01
2.7535058823529416e-06,59.69,-102.37
2.5196842105263157e-06,59.72,-126.74
2.2611375000000008e-06,59.76,-151.1
1.765336842105263e-06,59.79,-175.46
1.6507919999999995e-06,59.9,111.45
1.6305625000000002e-06,59.97,62.72
2.0823600000000003e-06,60.01,38.35
2.2901473684210522e-06,60.04,13.98
1.602757142857143e-06,60.11,-34.75
1.5348049999999994e-06,60.14,-59.11
2.04173e-06,60.18,-83.48
2.19886652173913e-06,60.21,-107.85
2.1859130434782607e-06,60.28,-156.59
2.979131578947369e-06,60.34,154.67
2.447985e-06,60.37,130.3
1.5467086956521737e-06,60.44,81.56
2.148678947368421e-06,60.5,32.81
2.2177052631578947e-06,60.53,8.44
1.9538750000000004e-06,60.56,-15.93
2.674473684210527e-06,60.71,-137.8
2.7021899999999994e-06,60.81,149.07
1.569947826086956e-06,60.86,100.32
1.377908695652174e-06,60.89,75.94
1.9550578947368425e-06,60.92,51.56
2.40969375e-06,60.95,27.17
1.8454090909090907e-06,60.98,2.8
1.928284210526316e-06,61.01,-21.58
2.035156315789473e-06,61.06,-70.34
1.7829578947368416e-06,61.29,94.61
1.5663545454545457e-06,61.31,70.22
2.118715789473684e-06,61.36,21.45
1.6875599999999995e-06,61.42,-27.32
2.3475473684210527e-06,61.47,-76.09
2.235280952380952e-06,61.5,-100.48
2.543483333333333e-06,61.52,-124.86
1.3978000000000002e-06,61.65,113.2
2.4090000000000006e-06,61.72,40.03
1.7767045454545458e-06,61.75,15.64
2.055817647058824e-06,61.77,-8.75
1.5085200000000004e-06,61.8,-33.14
2.1798166666666674e-06,61.82,-57.52
2.6851055555555556e-06,61.87,-106.31
2.409e-06,61.92,-155.1
2.811235555555556e-06,61.97,156.12
2.1004157894736848e-06,61.99,131.73
1.6947842105263157e-06,62.04,82.94
2.1928705882352946e-06,62.06,58.55
2.1990752777777777e-06,62.08,34.15
2.489594444444444e-06,62.2,-87.82
2.930857142857143e-06,62.22,-112.22
2.862705882352941e-06,62.29,174.59
1.710429380952381e-06,62.34,125.8
8.977666666666667e-07,62.36,101.4
1.906868421052632e-06,62.38,77.0
1.9516619047619046e-06,62.4,52.6
2.47355625e-06,62.42,28.2
3.8375333333333335e-06,62.45,3.8
1.8911625000000001e-06,62.47,-20.59
1.7513533333333334e-06,62.49,-44.99
2.7150606250000007e-06,62.53,-93.79
2.0073709523809528e-06,62.64,144.2
1.7891666666666672e-06,62.66,119.8
2.38954375e-06,62.71,70.99
2.310082352941177e-06,62.73,46.59
2.1582249999999996e-06,62.75,22.18
1.7995444444444447e-06,62.77,-2.22
1.7037526315789473e-06,62.79,-26.62
2.74844375e-06,62.83,-75.42
2.221438095238095e-06,62.85,-99.83
2.574211764705883e-06,62.87,-124.24
2.329783684210526e-06,62.89,-148.64
1.6962210526315788e-06,62.98,113.74
2.0867666666666667e-06,63.0,89.34
2.191533333333333e-06,63.01,64.93
2.3819125000000005e-06,63.03,40.52
1.7709105263157897e-06,63.06,16.11
2.6530823529411764e-06,63.12,-57.1
2.3893349999999996e-06,63.14,-81.51
1.9540665000000005e-06,63.24,156.44
1.669205e-06,63.26,132.04
1.9495782352941177e-06,63.29,83.21
2.4611874999999994e-06,63.31,58.8
1.9576266666666667e-06,63.33,34.39
2.2981166666666668e-06,63.47,-136.49
1.9665100000000004e-06,63.51,174.69
2.3912125000000005e-06,63.54,125.87
2.337716470588235e-06,63.56,101.45
2.4371125e-06,63.58,77.04
1.751635714285714e-06,63.6,52.62
2.0886139999999998e-06,63.62,28.2
1.706161111111111e-06,63.64,3.79
1.9548210526315787e-06,63.71,-93.86
2.4020888888888884e-06,63.79,168.48
2.6025e-06,63.82,119.64
2.44528125e-06,63.86,70.8
2.1674375000000003e-06,63.87,46.38
1.9385235294117646e-06,63.89,21.97
2.047444444444444e-06,63.91,-2.44
1.89454e-06,63.93,-26.86
2.1859526315789476e-06,63.97,-75.7
2.049295238095238e-06,63.98,-100.12
2.3628894736842104e-06,64.04,-173.37
2.37797894736842e-06,64.08,137.79
2.5858523529411773e-06,64.09,113.37
2.647935e-06,64.11,88.95
2.3391999999999996e-06,64.13,64.52
2.142336875e-06,64.14,40.1
1.7442944444444451e-06,64.16,15.68
1.3789705882352942e-06,64.2,-33.15
1.5182285714285715e-06,64.22,-57.57
1.9075894736842108e-06,64.25,-106.42
2.6194111111111113e-06,64.32,155.89
2.7809625e-06,64.34,131.47
2.6147723529411764e-06,64.35,107.05
2.0033761904761905e-06,64.37,82.62
1.8953888888888889e-06,64.4,33.77
1.6591857142857146e-06,64.47,-63.92
2.7847411764705883e-06,64.58,149.52
2.2016727272727275e-06,64.59,125.1
2.502888888888889e-06,64.61,100.67
2.579223529411765e-06,64.62,76.24
1.6259338095238095e-06,64.66,27.39
1.6678684210526313e-06,64.69,-21.46
1.8318833333333333e-06,64.71,-45.89
1.9282222222222224e-06,64.73,-70.32
2.2715499999999995e-06,64.74,-94.75
2.5118263157894738e-06,64.81,167.54
2.40281e-06,64.84,118.68
2.8794812499999997e-06,64.86,94.25
2.414572222222222e-06,64.87,69.81
1.7373672727272728e-06,64.89,45.38
1.7734333333333334e-06,64.92,-3.47
2.391421052631579e-06,64.95,-52.33
2.0697200000000004e-06,64.97,-76.77
2.2622772727272723e-06,65.05,161.07
2.2712999999999998e-06,65.06,136.64
2.3426399999999996e-06,65.09,87.77
1.9018409090909095e-06,65.11,63.33
1.8447500000000006e-06,65.13,38.9
1.76071052631579e-06,65.14,14.47
1.97724435e-06,65.19,-58.83
2.030861363636363e-06,65.2,-83.27
2.4795500000000003e-06,65.33,81.25
2.0783312499999997e-06,65.34,56.81
1.5244391304347829e-06,65.36,32.37
1.6861250000000003e-06,65.37,7.94
1.9869526315789474e-06,65.41,-40.93
2.1733909090909093e-06,65.42,-65.37
2.6370263157894743e-06,65.43,-89.82
2.1892469565217386e-06,65.46,-138.69
2.613284210526315e-06,65.49,172.44
2.575155e-06,65.51,148.0
2.260839130434783e-06,65.52,123.56
2.580127777777778e-06,65.54,99.11
1.6970727272727271e-06,65.55,74.67
1.8482684210526317e-06,65.57,50.23
1.7131454545454544e-06,65.58,25.79
2.1574999999999997e-06,65.64,-71.98
2.5940349999999996e-06,65.65,-96.42
2.213486956521739e-06,65.68,-145.3
3.1820434782608698e-06,65.78,43.59
1.6582099999999997e-06,65.8,19.16
2.251415e-06,65.84,-54.18
2.2110791666666665e-06,65.86,-103.07
2.481925454545455e-06,65.94,134.7
2.020162e-06,65.95,110.25
1.873365e-06,65.96,85.8
1.4409680000000002e-06,65.97,61.35
1.8743421052631578e-06,65.99,36.9
1.9040208333333333e-06,66.04,-60.89
2.807890000000001e-06,66.05,-85.34
2.188391666666667e-06,66.08,-134.24
2.4864285714285716e-06,66.09,-158.69
2.5845190476190474e-06,66.11,176.86
2.296072727272727e-06,66.13,127.96
1.843542105263158e-06,66.14,103.51
1.5505958333333334e-06,66.15,79.05
2.5322050000000004e-06,66.23,-67.67
2.9505666666666663e-06,66.24,-92.12
2.234396e-06,66.27,-141.02
2.3075125e-06,66.3,145.61
1.622908e-06,66.31,121.16
2.4638790476190474e-06,66.33,72.23
2.0128608695652175e-06,66.36,23.33
1.4814518518518514e-06,66.38,-25.58
2.703965e-06,66.4,-74.51
2.403169230769231e-06,66.45,-172.34
2.290823076923077e-06,66.46,163.2
2.261462500000001e-06,-48.13,46.64
2.1734305555555547e-06,-48.69,-2.76
2.2436228125000007e-06,-49.25,-52.17
2.0758100000000004e-06,-50.05,-126.29
2.2731266666666664e-06,-50.84,159.59
2.233490322580645e-06,-52.33,11.29
2.355985714285715e-06,-52.57,-13.43
1.967553909090909e-06,-52.81,-38.14
2.0472718749999996e-06,-53.27,-87.58
2.3622384615384615e-06,-54.6,124.08
2.0858838709677414e-06,-54.82,99.34
2.1555206896551727e-06,-55.04,74.6
2.0128225806451615e-06,-55.45,25.14
2.3973440000000003e-06,-55.66,0.41
2.109307142857143e-06,-55.86,-24.32
2.232114814814815e-06,-56.06,-49.06
2.1569571428571427e-06,-56.26,-73.79
2.1858477777777777e-06,-56.45,-98.53
2.1523037037037045e-06,-56.64,-123.27
2.0874244444444444e-06,-57.03,-172.75
2.3080374999999994e-06,-57.4,137.76
2.028145517241379e-06,-57.59,113.01
1.926533333333333e-06,-57.77,88.26
2.3660126086956524e-06,-58.31,14.0
2.0753962962962965e-06,-58.66,-35.5
2.1285461538461538e-06,-58.83,-60.26
1.9032475862068961e-06,-58.99,-85.01
2.0970384615384615e-06,-59.97,126.41
2.1078846153846156e-06,-60.13,101.64
1.9740680000000003e-06,-60.59,27.32
1.813211538461539e-06,-60.74,2.55
2.0684000000000004e-06,-60.88,-22.22
1.8962296296296296e-06,-61.17,-71.78
2.089787500000001e-06,-61.32,-96.55
1.7364629629629633e-06,-61.46,-121.34
1.7985961538461539e-06,-61.87,164.31
1.9022680000000002e-06,-62.14,114.74
2.036881818181819e-06,-62.53,40.34
1.976229166666667e-06,-62.66,15.55
2.1392659090909094e-06,-63.03,-58.84
1.8912423809523805e-06,-63.5,-158.05
4.787382608695652e-06,-63.94,102.71
1.9143125e-06,-64.27,28.26
2.1563925238095237e-06,-64.47,-21.37
1.7456230769230767e-06,-64.77,-95.84
1.8565291666666664e-06,-65.15,164.86
1.1007407692307691e-06,-65.24,140.03
1.903279166666666e-06,-65.33,115.2
1.981559090909091e-06,-65.75,-8.99
1.9646454545454538e-06,-65.83,-33.83
1.6974958333333334e-06,-65.99,-83.51
1.9177e-06,-66.07,-108.35
1.949652380952381e-06,-66.22,-158.04
1.884260869565217e-06,-66.5,102.57
1.7857956521739137e-06,-66.56,77.71
1.8820272727272724e-06,-66.69,28.0
2.0676900000000003e-06,-66.88,-46.55
1.9572585e-06,-66.99,-96.27
1.7428181818181822e-06,-67.05,-121.12
1.4264222222222224e-06,-67.16,-170.84
1.913377272727273e-06,-67.21,164.3
1.845382608695652e-06,-67.26,139.44
1.93685e-06,-67.31,114.58
2.08118e-06,-67.49,15.11
2.1010426315789475e-06,-67.58,-34.61
1.7381652173913045e-06,-67.62,-59.48
1.7307772727272728e-06,-67.66,-84.34
1.892675e-06,-67.69,-109.21
1.7849363636363633e-06,-67.76,-158.94
1.8306363636363633e-06,-67.8,176.19
1.8823590909090912e-06,-67.86,126.46
1.8102869565217394e-06,-67.89,101.59
1.9070038095238097e-06,-67.92,76.71
2.0004950000000002e-06,-67.97,26.97
1.7351478260869564e-06,-68.0,2.11
1.8675285714285717e-06,-68.02,-22.76
1.7661318181818185e-06,-68.04,-47.63
1.6877318181818183e-06,-68.08,-97.36
1.772161904761905e-06,-68.1,-122.23
1.8895388888888892e-06,-68.12,-147.1
1.9348200000000002e-06,-68.14,-171.97
1.8882649999999999e-06,-68.16,138.3
1.8282272727272724e-06,-68.18,113.43
1.807284090909091e-06,-68.19,88.57
1.8193400000000001e-06,-68.23,-110.36
1.954857894736842e-06,-68.23,-135.22
2.027247368421052e-06,-68.2,25.9
1.8576300000000004e-06,-68.18,-23.8
1.8628599999999997e-06,-68.15,-73.5
1.8387050000000006e-06,-68.14,-98.36
2.0122811111111108e-06,-68.12,-123.21
1.8702749999999996e-06,-68.11,-148.06
1.9245842105263165e-06,-68.09,-172.9
1.8256238095238098e-06,-68.07,162.25
1.9917578947368425e-06,-67.96,38.03
1.84303e-06,-67.91,-11.65
1.9716e-06,-67.89,-36.48
1.8912799999999999e-06,-67.86,-61.31
1.9964055555555553e-06,-67.8,-110.98
1.8433700000000002e-06,-67.77,-135.81
0.031652949065000005,-67.74,-160.64
2.067327777777777e-06,-67.7,174.53
1.8241142857142858e-06,-67.67,149.71
2.093529411764706e-06,-67.64,124.88
1.5570055555555558e-06,-67.6,100.06
2.282014705882352e-06,-67.56,75.23
1.824075e-06,-67.45,0.77
1.7377076190476197e-06,-67.41,-24.04
1.998611111111111e-06,-67.37,-48.85
1.798085e-06,-67.33,-73.67
1.9161684210526313e-06,-67.24,-123.29
2.2604874999999998e-06,-67.19,-148.1
1.7350142857142857e-06,-66.75,-11.3
1.925436842105263e-06,-66.64,-60.87
2.0402294117647065e-06,-66.59,-85.66
1.8752052631578943e-06,-66.47,-135.23
1.866775e-06,-66.41,-160.01
2.147905882352941e-06,-65.99,26.56
1.8074299999999998e-06,-65.86,-22.97
2.0225705882352947e-06,-65.73,-72.5
1.9791e-06,-65.66,-97.26
1.8735894736842101e-06,-65.59,-122.03
2.0170444444444443e-06,-65.52,-146.78
1.902482105263158e-06,-65.45,-171.54
2.0623e-06,-65.38,163.71
2.128733333333333e-06,-65.24,114.21
1.938510526315789e-06,-64.87,-9.52
1.7935099999999997e-06,-64.8,-34.26
1.8761789473684211e-06,-64.72,-59.0
1.7566849999999999e-06,-64.64,-83.74
2.0351235294117647e-06,-64.56,-108.47
1.7940450000000005e-06,-64.48,-133.21
2.0121611111111117e-06,-64.41,-157.94
2.0036263157894737e-06,-64.16,127.88
2.1410722222222224e-06,-64.0,78.43
1.93104e-06,-63.92,53.7
1.9619473684210526e-06,-63.75,4.26
1.9126842105263154e-06,-63.58,-45.16
2.1622437500000003e-06,-63.49,-69.88
1.7833025000000005e-06,-63.4,-94.59
2.150352941176471e-06,-63.31,-119.3
2.0155616666666673e-06,-63.22,-144.01
1.8094238095238101e-06,-63.13,-168.72
2.026066666666667e-06,-63.05,166.58
2.0439289473684213e-06,-62.96,141.87
2.072378947368421e-06,-62.77,92.47
2.057088888888889e-06,-62.4,-6.32
2.1354470588235296e-06,-62.21,-55.7
1.5465000000000001e-06,-62.11,-80.39
1.8335829411764704e-06,-62.02,-105.09
1.7813777777777776e-06,-61.82,-154.46
1.9409073684210533e-06,-61.72,-179.15
1.9180849999999997e-06,-61.62,156.17
2.275294117647059e-06,-61.52,131.49
1.9544844999999998e-06,-61.42,106.81
2.3934375000000003e-06,-61.32,82.13
2.0475738888888885e-06,-60.71,-65.91
1.760761111111111e-06,-60.6,-90.58
2.026022222222222e-06,-60.49,-115.25
1.8979750000000005e-06,-60.39,-139.92
1.2947210526315791e-05,-60.28,-164.59
2.2294944444444443e-06,-59.85,96.77
1.958447368421053e-06,-59.74,72.11
2.0180499999999997e-06,-59.63,47.45
1.798447619047619e-06,-59.29,-26.51
2.1857764705882355e-06,-59.18,-51.17
1.9562450000000006e-06,-59.07,-75.82
2.075781052631579e-06,-58.95,-100.47
2.2034999999999997e-06,-58.84,-125.12
1.7701904761904759e-06,-58.72,-149.77
2.26716875e-06,-58.61,-174.42
1.9465766666666666e-06,-58.26,111.65
2.259268421052632e-06,-58.14,87.01
1.9742609523809528e-06,-58.02,62.37
2.1435000000000003e-06,-57.66,-11.55
1.9373600000000005e-06,-57.54,-36.18
2.1801666666666665e-06,-57.42,-60.82
1.9178e-06,-57.05,-134.72
1.840645e-06,-56.93,-159.35
1.941885e-06,-56.81,176.02
2.09221052631579e-06,-56.68,151.39
2.287361111111111e-06,-56.56,126.76
2.1120055555555556e-06,-56.43,102.14
1.949380952380952e-06,-56.3,77.51
1.9875749999999998e-06,-55.79,-20.99
2.042726315789474e-06,-55.66,-45.61
2.326694117647059e-06,-55.53,-70.23
2.14374705882353e-06,-55.4,-94.85
2.000416190476191e-06,-55.27,-119.47
1.8982095238095238e-06,-55.14,-144.09
1.8520000000000002e-06,-55.0,-168.7
2.0495947368421055e-06,-54.87,166.68
2.3096111111111104e-06,-54.74,142.07
2.1183750000000003e-06,-54.61,117.46
2.325666666666667e-06,-54.47,92.84
2.222183333333333e-06,-53.51,-79.42
2.1294295e-06,-53.37,-104.03
2.1989684210526322e-06,-53.23,-128.64
1.8458781818181819e-06,-53.09,-153.24
2.2833666666666666e-06,-52.94,-177.85
2.0748857142857143e-06,-52.52,108.35
2.3515444444444447e-06,-52.37,83.75
1.9438454545454543e-06,-52.23,59.15
2.158205e-06,-51.2,-113.03
2.3205277777777778e-06,-51.04,-137.62
1.9778047619047614e-06,-50.89,-162.22
1.9381454545454545e-06,-50.74,173.19
2.007527727272727e-06,-50.44,124.01
2.1002366666666662e-06,-50.13,74.83
2.2615736842105266e-06,-49.51,-23.52
2.2102421052631572e-06,-49.2,-72.69
2.058161904761905e-06,-49.04,-97.28
2.449688888888889e-06,-48.87,-121.86
1.9812227272727266e-06,-48.71,-146.45
2.361072222222222e-06,-48.55,-171.03
2.042159090909091e-06,-47.74,66.06
2.3572210526315785e-06,-46.22,-155.13
2.470594444444445e-06,-46.05,-179.71
2.0167173913043476e-06,-45.53,106.57
2.604577777777778e-06,-45.18,57.43
2.136336363636364e-06,-44.65,-16.29
1.9247041666666675e-06,-44.29,-65.42
2.241395238095238e-06,-43.92,-114.56
2.030316666666667e-06,-43.74,-139.13
2.1671227272727276e-06,-43.55,-163.7
3.092206666666667e-06,-42.63,73.47
2.4593850000000003e-06,-42.44,48.9
2.688873888888889e-06,-42.25,24.34
2.2290136363636364e-06,-41.87,-24.79
2.3605900000000005e-06,-41.68,-49.35
1.9867208333333333e-06,-41.48,-73.92
2.4266249999999994e-06,-41.29,-98.48
2.386180952380953e-06,-41.09,-123.05
2.0431875000000006e-06,-40.89,-147.61
2.314565e-06,-40.3,138.71
2.5065849999999997e-06,-39.9,89.59
2.3545227272727273e-06,-39.49,40.47
2.0210319999999994e-06,-39.29,15.91
2.0882020000000002e-06,-38.89,-33.21
3.176957692307692e-06,-38.47,-82.32
2.309803136363637e-06,-38.26,-106.88
2.075132e-06,-38.05,-131.44
2.1544975000000005e-06,-36.98,105.78
2.1513768e-06,-36.11,7.56
2.5734904761904767e-06,-35.9,-16.99
2.1525280000000005e-06,-35.68,-41.55
1.6480583333333336e-06,-83.92,-51.8
1.5657480000000004e-06,-83.92,-75.83
1.6472956521739134e-06,-83.92,-99.85
1.4917958333333332e-06,-83.91,-123.88
1.4678958333333335e-06,-83.91,-147.91
1.5907000000000003e-06,-83.91,163.99
1.4583360000000004e-06,-83.9,91.88
1.6052250000000002e-06,-83.87,-52.45
1.3234724137931037e-06,-83.86,-76.51
1.5086336e-06,-83.86,-100.56
1.5293479999999998e-06,-83.85,-124.63
1.3973039999999998e-06,-83.84,-148.71
1.6517034482758621e-06,-83.2,-155.37
1.4939419354838705e-06,-83.1,83.43
1.4627647058823527e-06,-83.0,-37.87
1.4644017142857141e-06,-82.98,-62.12
1.520645454545454e-06,-82.96,-86.39
1.695815625e-06,-82.5,147.22
1.410548947368421e-06,-82.48,122.82
1.4208508108108103e-06,-82.46,98.47
1.631445e-06,-82.33,-23.45
1.3568184210526313e-06,-82.23,-121.05
1.3258651282051283e-06,-82.21,-145.47
1.4459653488372094e-06,-82.1,116.83
1.5047452380952374e-06,-82.08,92.41
1.444286046511628e-06,-81.95,-29.83
1.3425697674418604e-06,-81.92,-54.27
1.4631119047619047e-06,-81.81,-152.23
1.604862093023256e-06,-81.7,109.79
1.3892310416666662e-06,-81.52,-37.37
1.656983962264151e-06,-80.61,42.27
1.4853796296296296e-06,-80.48,-31.99
1.550023529411765e-06,-80.34,-106.28
2.668534426229508e-06,-49.64,151.69
2.3033656451612904e-06,-41.0,165.78
2.612752807017543e-06,-39.13,91.76
2.6718673076923074e-06,-37.28,17.78
2.3910258620689646e-06,-31.8,155.99
2.468817454545455e-06,-30.6,106.73
2.35455725490196e-06,-19.64,-0.81
4.2723888888888885e-06,46.75,-100.1
2.128114814814815e-06,46.53,-124.55
2.891495238095238e-06,45.66,137.65
2.5416956521739137e-06,45.44,113.2
2.254612e-06,45.22,88.75
2.3255375000000005e-06,44.99,64.29
2.4875478260869568e-06,44.77,39.84
2.2466370370370367e-06,44.54,15.39
2.3320607999999998e-06,44.32,-9.06
2.5465217391304345e-06,44.09,-33.52
2.2076099999999997e-06,43.63,-82.42
2.291373076923077e-06,43.15,-131.33
1.2525177595238092e-06,42.44,155.3
2.388207407407407e-06,42.2,130.84
2.2166115384615383e-06,41.72,81.93
2.3179879999999998e-06,41.47,57.47
2.3333538461538454e-06,41.22,33.01
2.4660759999999997e-06,40.98,8.55
2.3040379310344822e-06,40.73,-15.91
2.1652167931034484e-06,40.49,-40.36
2.6722086956521738e-06,40.23,-64.83
2.03098064516129e-06,35.13,-169.66
2.408193103448275e-06,34.56,141.41
2.609655925925926e-06,33.98,92.47
2.193902941176471e-06,27.78,-37.05
2.2554548387096774e-06,26.08,-159.47
2.4455312499999998e-06,24.35,78.11
2.360012121212121e-06,24.0,53.62
2.4770999999999995e-06,23.65,29.13
2.19362972972973e-06,22.2,-68.82
3.2183229615384617e-06,15.59,-125.25
2.703221764705883e-06,15.17,-149.76
2.331105e-06,14.75,-174.26
2.875684375e-06,13.08,87.72
2.3778002499999998e-06,12.65,63.22
2.792937142857143e-06,10.92,-34.81
3.0204545454545444e-06,10.48,-59.32
2.7168894594594592e-06,9.58,-108.35
2.8190514285714286e-06,8.66,-157.38
3.0266638888888883e-06,6.36,80.04
3.3256911764705886e-06,3.51,-67.08
3.100681081081081e-06,1.51,-165.19
2.6180590909090904e-06,1.01,170.28
2.6878853658536587e-06,-1.01,72.15
2.6489249999999994e-06,-3.07,-25.99
2.996183695652174e-06,-14.17,-157.02
3.0498288888888884e-06,-14.75,178.41
2.998079591836734e-06,-19.45,-18.17
2.5656289830508472e-06,-21.26,-91.93
2.8666098039215683e-06,-22.49,-141.11
2.8097683333333333e-06,-36.6,12.68
2.416754e-06,60.11,-49.39
2.543539130434782e-06,59.94,-74.15
2.426241666666667e-06,59.44,-148.42
6.226923076923077e-07,58.74,112.57
3.787689473684211e-06,58.02,13.59
2.3653115384615383e-06,57.83,-11.15
2.2340034482758633e-06,57.46,-60.63
2.2783344827586207e-06,57.26,-85.37
2.4641076923076917e-06,57.07,-110.11
2.4931307692307695e-06,56.87,-134.85
2.475253846153847e-06,55.86,101.49
2.2328666666666664e-06,54.79,-22.14
2.1835e-06,54.57,-46.86
2.624111153846154e-06,54.35,-71.58
2.3075516129032263e-06,54.12,-96.3
2.6366230769230768e-06,53.9,-121.02
2.3430599999999994e-06,53.67,-145.74
2.4325931034482755e-06,52.48,90.68
2.5913964285714292e-06,52.23,65.97
2.488958333333333e-06,51.99,41.26
2.3873548387096765e-06,51.48,-8.16
2.5583083333333335e-06,50.97,-57.57
2.4169687499999994e-06,50.71,-82.28
2.471093548387096e-06,50.44,-106.99
2.1397333333333326e-06,50.17,-131.69
2.5742499999999995e-06,49.9,-156.4
2.384364705882353e-06,49.62,178.89
2.4250636363636356e-06,49.34,154.19
2.6018482758620687e-06,48.5,80.1
2.75864e-06,47.92,30.7
2.686393548387097e-06,47.62,6.0
2.6952935483870968e-06,47.02,-43.4
2.473732352941176e-06,46.71,-68.09
2.7285806451612895e-06,46.39,-92.79
2.4055944444444446e-06,46.08,-117.49
2.5826700000000003e-06,45.76,-142.18
2.6215208823529404e-06,45.43,-166.88
2.4754491428571425e-06,44.1,94.35
2.3183985365853653e-06,42.7,-4.42
2.271445238095239e-06,42.34,-29.11
2.7531617647058825e-06,41.97,-53.8
2.649138888888889e-06,41.6,-78.49
2.714124324324325e-06,41.22,-103.18
2.520979069767442e-06,40.83,-127.88
2.625786842105263e-06,40.04,-177.26
2.423280952380952e-06,38.42,83.98
2.4508066666666663e-06,37.13,9.9
2.4374312500000002e-06,36.24,-39.48
2.37521125e-06,35.31,-88.87
2.377924489795919e-06,34.83,-113.57
2.435251836734694e-06,33.85,-162.97
2.955948780487805e-06,32.85,147.63
2.620658333333334e-06,31.81,98.24
2.6931110416666664e-06,30.18,24.13
2.484925090909091e-06,29.05,-25.29
2.877260784313724e-06,27.85,-74.71
2.814545e-06,27.23,-99.43
2.56858947368421e-06,26.6,-124.15
2.7046259636363637e-06,25.95,-148.87
-999,-32.97,0.13
2.6246525423728805e-06,-37.09,-168.35
2.4787548387096766e-06,-37.58,167.55
2.417896887096774e-06,-38.51,119.32
2.3258961111111104e-06,-44.17,92.81
2.839408947368422e-06,-44.73,44.44
2.282041931818182e-06,-45.97,-76.58
2.281402553191489e-06,-46.44,-125.0
1.9621452380952372e-06,-48.12,41.24
2.3222242857142862e-06,-48.49,-7.24
2.305772432432432e-06,-48.85,-55.72
2.0962475000000003e-06,-49.2,-104.19
2.438615757575759e-06,-49.54,-152.68
2.3359230769230764e-06,-56.52,-148.85
2.4377600000000004e-06,-56.31,138.17
2.2615200000000004e-06,-56.17,89.51
1.7861555555555558e-06,-56.02,40.87
1.603706451612903e-06,-55.72,-56.42
1.821606896551724e-06,-55.64,-80.74
2.0920490322580643e-06,-55.48,-129.38
2.5359357142857134e-06,-55.4,-153.69
2.3630892857142862e-06,-55.31,-178.0
2.154693548387097e-06,-55.23,157.68
2.076178571428571e-06,-54.98,84.73
-1.9522700000000004e-06,-54.71,11.8
1.7390940625000002e-06,-54.62,-12.5
1.7787699999999998e-06,-54.54,-36.82
2.307299999999999e-06,-54.17,-134.04
2.2223625e-06,-54.06,-158.34
2.340254838709678e-06,-53.96,177.36
1.985265625e-06,-53.87,153.06
2.502282e-06,-52.7,-114.2
2.4359774193548386e-06,-52.58,-138.48
2.2958794117647063e-06,-52.33,172.96
2.0933638888888895e-06,-52.22,148.67
2.2818966666666667e-06,-52.1,124.38
2.1049428571428575e-06,-51.45,2.99
2.5903846153846156e-06,-51.32,-21.29
2.0935081081081074e-06,-51.05,-69.85
2.2215378378378373e-06,-50.91,-94.12
2.2076526315789473e-06,-50.77,-118.39
2.5418997058823536e-06,-50.62,-142.65
2.417555555555555e-06,-50.46,-166.91
2.6431124999999998e-06,-50.31,168.82
2.388566666666666e-06,-50.02,120.29
2.87652e-06,-49.7,71.77
2.2106999999999994e-06,-49.53,47.51
2.2556499999999997e-06,-49.36,23.26
2.4271315789473682e-06,-48.68,-73.76
2.4767763157894736e-06,-48.31,-122.25
2.2843723809523813e-06,-48.12,-146.48
2.6728378378378375e-06,-47.92,-170.72
2.5244684210526315e-06,-47.73,165.03
2.475124324324325e-06,-47.34,116.55
-3.219849999999999e-05,-46.7,43.86
2.610329268292683e-06,-45.57,-77.27
2.474351162790698e-06,-45.07,-125.69
2.3175e-06,-44.54,-174.1
2.5409065217391306e-06,-44.01,137.48
2.5201215686274508e-06,-41.9,-31.86
2.6592583333333338e-06,-35.58,-34.02
2.549006944444444e-06,-33.16,-130.32
3.1234215789473684e-06,17.5,-118.2
2.9031580645161284e-06,18.34,-142.97
2.813316037735849e-06,24.32,19.06
2.6778052807017538e-06,24.98,-5.67
3.059799318181818e-06,29.76,156.62
2.5069647058823534e-06,30.86,107.21
3.2350999999999997e-06,31.39,82.5
2.3916739767441866e-06,34.36,-65.7
2.607844418604651e-06,35.27,-115.08
2.6602190476190482e-06,35.72,-139.78
2.582205555555555e-06,41.39,-125.48
2.8893121212121214e-06,42.12,-174.86
2.5825000000000003e-06,42.82,135.75
2.4978823529411766e-06,43.52,86.36
2.0344878787878783e-06,-50.78,13.31
2.607220689655172e-06,-50.92,-10.96
2.3332449999999997e-06,-51.06,-35.22
1.991265789473684e-06,-51.2,-59.48
1.919664864864865e-06,-51.34,-83.74
1.9239836842105265e-06,-51.47,-108.0
2.2390878787878784e-06,-51.74,-156.54
2.0973545454545448e-06,-52.24,106.37
2.2742142857142857e-06,-52.59,33.55
2.1221166666666667e-06,-52.7,9.26
1.7929437500000001e-06,-53.26,-112.15
2.109889032258064e-06,-53.46,-160.72
2.239460714285714e-06,-53.56,174.98
1.3374878787878789e-06,-53.66,150.69
1.7800896875000005e-06,-53.97,77.83
2.108126071428571e-06,-54.06,53.54
1.2907448e-06,-54.24,4.93
1.9732711111111114e-06,-54.61,-92.26
1.3816111111111108e-06,-54.69,-116.56
2.0986857142857148e-06,-54.78,-140.86
1.647246875e-06,-54.86,-165.17
2.022824e-06,-54.94,170.52
1.872623225806451e-06,-55.11,121.92
2.1355612499999998e-06,-55.28,73.31
1.9140675e-06,-55.36,49.0
2.0230912000000004e-06,-55.66,-48.26
2.0233999999999995e-06,-55.74,-72.57
2.0406628000000004e-06,-55.88,-121.2
1.8844230769230764e-06,-55.95,-145.52
2.1425346153846158e-06,-56.02,-169.84
2.443877272727273e-06,-56.23,117.2
1.6992387499999997e-06,-56.43,44.24
1.9408730769230763e-06,-56.76,-77.39
1.739296296296296e-06,-56.82,-101.72
1.8606428571428571e-06,-56.94,-150.38
1.9130310344827587e-06,-57.0,-174.71
1.8844103448275865e-06,-57.06,160.96
3.6177999999999995e-06,-57.12,136.63
1.942718260869566e-06,-57.3,63.64
1.9779869565217393e-06,-57.51,-33.71
1.8293734615384618e-06,-57.63,-82.38
1.8841523999999996e-06,-57.73,-131.06
2.310447142857143e-06,-57.78,-155.4
1.8983925925925926e-06,-57.83,180.25
1.1137428571428571e-06,-58.09,58.55
1.8976043478260876e-06,-58.18,9.85
2.017572727272727e-06,-58.28,-38.84
1.7345000000000005e-06,-58.33,-63.18
1.7921192307692311e-06,-58.42,-111.88
2.0984260869565218e-06,-58.51,-160.59
1.7901415999999997e-06,-58.56,175.06
1.7980586956521738e-06,-58.7,102.02
1.1578764999999998e-06,-58.74,77.67
1.8333952380952382e-06,-58.78,53.31
2.3565263157894737e-06,-58.82,28.95
1.9344952380952376e-06,-58.95,-44.11
1.7627541666666667e-06,-58.99,-68.47
1.6849915999999998e-06,-59.08,-117.18
1.9023681818181818e-06,-59.11,-141.54
1.7052458333333334e-06,-59.15,-165.9
2.1118449999999996e-06,-59.19,169.74
1.3589050000000002e-06,-59.28,121.03
1.613344e-06,-59.32,96.67
4.657734782608696e-07,-59.35,72.31
2.9216153846153847e-06,-59.43,23.58
2.0225055555555567e-06,-59.5,-25.15
1.6073791666666667e-06,-59.58,-73.87
1.7026362499999998e-06,-59.62,-98.23
1.9725780000000006e-06,-59.69,-146.97
2.0538842105263162e-06,-59.72,-171.34
1.6432654545454545e-06,-59.97,18.09
9.289125e-07,-60.1,-79.39
2.0021476190476192e-06,-60.17,-128.14
2.267022222222222e-06,-60.2,-152.52
1.9714805000000005e-06,-60.23,-176.89
1.6700063636363634e-06,-60.33,110.0
1.6519874999999996e-06,-60.39,61.24
1.7449619047619045e-06,-60.49,-11.89
1.609678260869565e-06,-60.52,-36.26
1.952915e-06,-60.58,-85.01
1.7734209523809525e-06,-60.64,-133.78
1.8407305263157893e-06,-60.67,-158.16
1.994026315789473e-06,-60.7,177.47
1.7264636363636358e-06,-60.76,128.71
1.9662099999999993e-06,-60.79,104.33
2.10575e-06,-60.82,79.95
1.4770695652173917e-06,-60.84,55.57
1.8622789473684205e-06,-60.87,31.18
1.8069473684210532e-06,-60.99,-66.34
1.7929736842105265e-06,-61.01,-90.73
2.0448789473684213e-06,-61.06,-139.5
1.6702636363636358e-06,-61.09,-163.89
1.7954050000000001e-06,-61.48,-169.7
1.584326315789474e-06,-61.59,92.74
1.8465111111111114e-06,-61.73,-53.62
1.823210526315789e-06,-61.78,-102.4
1.7554842105263159e-06,-61.85,-175.59
1.922100000000001e-06,-61.94,86.83
1.9570999999999994e-06,-62.01,13.63
1.8957166666666666e-06,-62.06,-35.16
2.0218176470588235e-06,-62.08,-59.55
1.8392244444444444e-06,-62.12,-108.35
1.5681545454545457e-06,-62.15,-132.76
1.936427777777778e-06,-62.17,-157.16
2.0998462499999996e-06,-62.21,154.05
1.9446176470588236e-06,-62.24,129.65
1.73203e-06,-62.26,105.25
1.731835e-06,-62.28,80.85
1.9308066666666666e-06,-62.32,32.04
1.7460826315789473e-06,-62.34,7.64
1.6208999999999998e-06,-62.37,-16.76
1.494320476190476e-06,-62.39,-41.16
1.9803555555555557e-06,-62.41,-65.56
2.19934375e-06,-62.43,-89.96
1.944322222222223e-06,-62.47,-138.78
1.7305478947368423e-06,-62.51,172.42
2.0940125e-06,-62.53,148.02
2.1837124999999996e-06,-62.56,123.62
1.4942168750000004e-06,-62.58,99.21
2.21976e-06,-62.6,74.8
1.8917944444444441e-06,-62.68,-22.82
1.8266595000000005e-06,-62.7,-47.22
1.7261894736842105e-06,-62.72,-71.63
1.586594736842105e-06,-62.74,-96.04
1.6727333333333335e-06,-62.78,-144.86
1.571257894736842e-06,-62.8,-169.26
1.945329411764706e-06,-62.97,-28.94
1.863527777777778e-06,-63.03,-102.17
1.7943157894736844e-06,-63.05,-126.59
1.6588904761904762e-06,-63.07,-151.0
1.5982699999999998e-06,-63.09,-175.41
1.9759e-06,-63.13,135.78
1.6215400000000003e-06,-63.15,111.36
1.6133650000000002e-06,-63.16,86.95
1.9025611111111109e-06,-63.24,-10.7
1.50451e-06,-63.28,-59.53
1.9682125e-06,-63.29,-83.94
1.8529211111111116e-06,-63.33,-132.78
1.6932819047619046e-06,-63.35,-157.19
1.8972333333333339e-06,-63.44,80.74
1.7463529411764706e-06,-63.47,31.9
1.8637333333333335e-06,-63.51,-16.93
2.0068062499999996e-06,-63.55,-65.76
2.1381999999999997e-06,-63.56,-90.18
1.6347438095238094e-06,-63.6,-139.02
1.867729411764706e-06,-63.62,-163.44
2.0317562499999997e-06,-63.63,172.14
1.5534750000000002e-06,-63.68,98.89
2.061166666666667e-06,-63.7,74.47
1.8858263157894731e-06,-63.75,1.21
1.469835e-06,-63.81,-72.05
1.952005882352941e-06,-63.82,-96.47
1.678631428571429e-06,-63.84,-120.9
2.0539743749999996e-06,-63.85,-145.32
1.432450588235294e-06,-63.87,-169.74
1.9219470588235295e-06,-63.91,141.42
2.0286375e-06,-63.94,92.58
2.0154000000000006e-06,-63.97,43.73
1.8090094444444447e-06,-64.01,-5.12
1.7340555555555552e-06,-64.04,-53.96
2.0304733333333333e-06,-64.06,-78.39
1.7497427777777779e-06,-64.09,-127.24
1.9111625e-06,-64.1,-151.66
1.6270904761904761e-06,-64.12,-176.09
1.3902952380952382e-06,-64.17,110.64
1.6477847368421056e-06,-64.19,86.21
1.8391529411764702e-06,-64.2,61.79
1.6102263157894736e-06,-64.28,-60.34
1.9225941176470584e-06,-64.3,-84.77
1.6832845000000001e-06,-64.31,-109.2
2.043447058823529e-06,-64.33,-133.63
1.962422222222223e-06,-64.41,104.23
2.035983333333333e-06,-64.42,79.81
1.8770470588235289e-06,-64.47,6.52
1.7693368421052633e-06,-64.5,-42.34
2.118405882352941e-06,-64.52,-66.77
1.846105e-06,-64.53,-91.21
1.9481125e-06,-64.58,-164.5
1.694426315789474e-06,-64.64,97.78
1.5714380952380952e-06,-64.65,73.35
1.5331619047619052e-06,-64.72,-24.38
2.0486437500000003e-06,-64.73,-48.81
1.9259470588235298e-06,-64.76,-97.69
1.6986571428571428e-06,-64.77,-122.12
1.5303285714285715e-06,-64.79,-146.55
1.4684757142857146e-06,-64.8,-170.98
2.12532e-06,-64.83,140.15
1.952331578947369e-06,-64.85,115.71
2.1316374999999997e-06,-64.95,-55.33
1.928888888888889e-06,-64.96,-79.78
1.5945857142857142e-06,-64.98,-104.21
1.5818476190476188e-06,-64.99,-128.65
1.559927272727273e-06,-65.01,-153.08
1.6697000000000003e-06,-65.02,-177.52
1.819888888888889e-06,-65.05,133.6
1.878677777777778e-06,-65.06,109.17
1.9940882352941177e-06,-65.08,84.73
1.9277352941176466e-06,-65.16,-61.91
1.2063190476190476e-06,-65.17,-86.35
1.9022550000000002e-06,-65.19,-110.79
1.5488318181818179e-06,-65.2,-135.23
1.8632294117647057e-06,-65.23,175.89
1.7127157894736842e-06,-65.28,78.13
1.6841024999999994e-06,-65.3,53.68
1.8764315789473684e-06,-65.35,-44.08
1.7849149999999998e-06,-65.36,-68.53
1.8765736842105262e-06,-65.38,-92.98
1.6010388888888891e-06,-65.4,-141.86
1.4490243478260866e-06,-65.43,169.25
8.979846153846153e-07,-65.48,71.47
1.585714090909091e-06,-65.52,-1.86
1.878310526315789e-06,-65.55,-50.76
1.441525e-06,-65.56,-75.21
1.3937078260869563e-06,-65.57,-99.66
1.5448608695652169e-06,-65.58,-124.1
8.341074999999999e-07,-65.59,-148.55
1.6049909090909093e-06,-65.61,-172.99
1.8488888888888886e-06,-65.66,89.21
1.8860549999999996e-06,-65.71,-8.59
2.5808615384615387e-06,43.85,61.66
2.5989843749999998e-06,46.08,-111.2
2.787427333333334e-06,46.69,-160.59
2.8374172413793106e-06,46.98,174.71
2.3283529411764707e-06,48.43,51.2
2.5248499999999996e-06,48.98,1.79
2.1975617647058823e-06,50.3,-121.73
2.3151406249999995e-06,50.81,-171.14
2.0610909090909087e-06,51.8,90.0
2.512037037037037e-06,53.21,-58.29
2.2578966666666674e-06,53.43,-83.01
2.395945714285714e-06,53.87,-132.45
2.5036964285714284e-06,54.3,178.11
2.225073666666667e-06,54.51,153.39
2.4622407407407404e-06,54.72,128.66
2.3160071428571425e-06,54.94,103.93
2.7263037037037036e-06,55.35,54.46
2.4817461538461536e-06,55.75,5.01
3.7498107142857137e-06,55.95,-19.72
2.600170833333333e-06,56.14,-44.46
2.0609193548387097e-06,56.34,-69.2
2.46518e-06,57.09,-168.14
2.4457151999999994e-06,57.27,167.12
2.4019040000000004e-06,57.64,117.62
2.119546428571428e-06,58.85,-55.63
2.3168e-06,59.34,-129.89
1.9714485517241377e-06,59.66,-179.41
2.3836521739130437e-06,59.81,155.83
2.352086956521739e-06,59.97,131.07
2.3399565217391305e-06,60.12,106.3
2.0614799999999995e-06,60.28,81.52
1.963746428571428e-06,60.58,31.99
2.2787291666666666e-06,61.01,-42.32
2.1137958333333333e-06,61.57,-141.42
2.0479679999999997e-06,61.83,169.02
2.163708333333333e-06,62.1,119.45
2.031016e-06,62.23,94.65
1.8660122222222224e-06,62.36,69.86
2.2668181818181824e-06,62.48,45.07
1.999756e-06,62.85,-29.3
2.129966666666667e-06,62.97,-54.09
2.3614e-06,63.21,-103.69
2.0595541666666667e-06,63.55,-178.08
1.7215041666666664e-06,63.77,132.31
2.2496363636363635e-06,63.88,107.49
2.167086956521739e-06,63.99,82.68
2.0610565217391305e-06,64.3,8.25
2.368035e-06,64.6,-66.2
2.284245454545454e-06,64.7,-91.01
1.9606041666666666e-06,64.88,-140.65
2.1446571428571433e-06,65.07,169.71
2.2717247619047613e-06,65.34,95.23
2.227309523809523e-06,65.42,70.39
2.573647058823529e-06,65.59,20.74
2.301833333333334e-06,65.67,-4.09
2.0280209090909093e-06,65.75,-28.92
2.2308500000000004e-06,65.91,-78.6
2.0845318181818183e-06,66.13,-153.11
1.7963636363636364e-06,66.2,-177.94
2.1573e-06,66.27,157.22
2.21538e-06,66.41,107.53
2.187857142857143e-06,66.48,82.67
2.0048181818181826e-06,66.67,8.14
1.8820695652173908e-06,66.74,-16.71
2.1211399999999993e-06,66.8,-41.55
2.144475e-06,67.08,-165.81
2.0351047619047612e-06,67.13,169.34
1.984647619047619e-06,67.18,144.49
2.053142857142857e-06,67.28,94.77
1.9626045454545453e-06,67.33,69.9
2.0417000000000003e-06,67.42,20.19
1.6977300000000005e-06,67.47,-4.66
2.0544999999999996e-06,67.51,-29.52
1.6609047619047621e-06,67.55,-54.38
2.1639789473684207e-06,67.7,-153.82
1.9635952380952374e-06,67.74,-178.68
1.97878e-06,67.8,131.6
1.97617619047619e-06,67.86,81.87
2.06463e-06,67.89,57.0
1.8537578947368419e-06,67.97,-17.58
2.0519000000000006e-06,68.02,-67.3
2.146029473684211e-06,68.06,-117.03
2.0864444444444444e-06,68.15,118.66
1.9457300000000003e-06,68.16,93.8
1.8311399999999995e-06,68.17,68.93
2.189455555555556e-06,68.23,-154.8
2.004642857142857e-06,68.23,130.64
1.778304761904762e-06,68.1,142.75
2.1937777777777785e-06,68.04,68.22
2.201383333333334e-06,67.96,-31.12
1.9592300000000002e-06,67.93,-55.95
1.6380300000000002e-06,67.91,-80.78
2.0887444444444444e-06,67.82,-155.28
1.6724421052631577e-06,67.74,130.25
2.177923529411765e-06,67.67,80.6
2.0920888888888893e-06,67.64,55.78
2.2442055555555553e-06,67.6,30.96
1.9343800000000004e-06,67.53,-18.67
2.0291947368421053e-06,67.49,-43.48
2.2236411764705883e-06,67.37,-117.92
1.8817899999999999e-06,67.33,-142.73
2.0633944444444447e-06,67.29,-167.53
1.7008699999999995e-06,67.25,167.67
1.8606409999999999e-06,67.2,142.86
2.0958e-06,67.16,118.06
1.943121052631579e-06,67.11,93.26
2.096472222222222e-06,67.07,68.46
1.7481000000000003e-06,67.02,43.65
1.9627249999999995e-06,66.92,-5.93
1.9414949999999996e-06,66.88,-30.72
1.8594333333333331e-06,66.83,-55.51
1.9089619047619046e-06,66.77,-80.3
1.9259999999999994e-06,66.51,155.78
2.1246470588235297e-06,66.34,81.45
2.2251176470588233e-06,66.22,31.89
2.0485000000000004e-06,66.16,7.13
2.1243555555555555e-06,66.1,-17.64
2.1302999999999993e-06,65.52,119.52
2.084527777777778e-06,65.45,94.76
1.8166842105263158e-06,65.31,45.26
1.96471e-06,65.1,-28.97
2.1967111111111115e-06,65.03,-53.71
2.2479500000000002e-06,64.66,-177.41
1.978526315789474e-06,64.35,83.68
2.266788235294118e-06,64.19,34.22
2.314829411764706e-06,64.11,9.5
1.98421e-06,63.87,-64.65
1.9874149999999996e-06,63.79,-89.37
2.194823529411764e-06,63.45,171.77
2.167452941176471e-06,63.36,147.07
2.1410823529411765e-06,63.28,122.36
1.972231578947368e-06,63.19,97.66
1.9289900000000002e-06,63.1,72.95
2.365011764705882e-06,62.75,-25.85
1.972631578947368e-06,62.47,-99.94
2.2236529411764707e-06,62.1,161.3
2.042177777777778e-06,61.91,111.93
1.8843050000000002e-06,61.81,87.24
2.0420947368421048e-06,61.62,37.87
2.226944444444444e-06,61.52,13.2
2.0087947368421054e-06,60.72,175.81
1.901157894736842e-06,60.52,126.47
2.2007058823529407e-06,60.41,101.81
1.9558999999999998e-06,60.31,77.14
2.2775882352941176e-06,60.1,27.82
2.250316666666666e-06,59.45,-120.13
2.0690950000000003e-06,59.23,-169.43
2.2623758823529414e-06,59.01,141.27
2.301541176470589e-06,58.9,116.62
2.097157894736843e-06,58.79,91.97
1.8372761904761907e-06,58.68,67.33
2.0883166666666667e-06,58.56,42.68
2.163557894736842e-06,57.99,-80.53
2.603235294117647e-06,57.87,-105.17
2.2984111111111113e-06,57.75,-129.81
2.117052631578947e-06,57.52,-179.08
2.3386470588235292e-06,57.16,107.02
2.152978947368421e-06,57.04,82.39
1.9407000000000003e-06,56.92,57.76
2.1700444444444444e-06,56.8,33.13
2.1316842105263157e-06,56.68,8.5
2.392288235294117e-06,56.19,-90.0
2.1512526315789473e-06,56.06,-114.62
2.041688888888889e-06,55.68,171.51
2.323154705882353e-06,55.43,122.27
2.1417421052631574e-06,55.3,97.66
2.4617118235294124e-06,55.17,73.04
2.04954e-06,54.91,23.8
2.305305263157894e-06,54.65,-25.42
2.360782777777778e-06,54.52,-50.03
2.3549111111111107e-06,54.39,-74.64
2.502964705882353e-06,54.12,-123.87
2.1031190476190477e-06,53.98,-148.48
2.160695e-06,53.31,88.49
2.5078882352941173e-06,53.17,63.88
2.478023529411765e-06,53.03,39.28
1.9364136363636365e-06,52.89,14.68
2.2873684210526313e-06,52.48,-59.12
2.381233333333333e-06,52.34,-83.72
2.5686461538461536e-06,51.76,177.88
2.2780210526315793e-06,51.33,104.09
2.300521052631579e-06,51.18,79.5
2.2801894736842104e-06,51.03,54.9
2.334360526315789e-06,50.89,30.31
2.090486363636364e-06,50.59,-18.87
2.4203842105263156e-06,50.3,-68.05
2.501216666666667e-06,50.14,-92.64
2.40819e-06,49.07,95.25
2.141542857142857e-06,48.91,70.66
2.0695740909090903e-06,48.76,46.08
2.2070714285714285e-06,48.6,21.49
2.1328431818181817e-06,48.45,-3.09
2.6173555555555557e-06,47.64,-126.0
2.210066666666667e-06,47.48,-150.58
2.1376772727272722e-06,47.16,160.27
2.4655210526315788e-06,46.66,86.53
2.205855714285714e-06,46.5,61.96
2.5488600000000004e-06,46.16,12.81
2.701872222222222e-06,45.83,-36.34
2.727516666666666e-06,45.49,-85.49
2.1147347826086957e-06,45.14,-134.64
2.4533000000000003e-06,44.62,151.65
2.300066666666667e-06,43.91,53.37
