74.1468085106383,52.38,77.41
64.56481481481481,52.5,53.14
72.57173913043476,52.72,4.59
71.73617021276596,52.84,-19.68
70.59374999999999,52.95,-43.95
68.63999999999997,53.39,-141.06
72.76222222222222,53.7,146.09
70.39999999999999,53.91,97.53
71.1409090909091,54.01,73.24
67.98297872340424,54.19,24.66
73.13720930232559,54.28,0.36
69.05227272727272,54.91,-169.69
66.95227272727273,55.17,117.41
64.16956521739131,55.33,68.81
63.99111111111112,55.41,44.5
64.71086956521738,55.48,20.19
65.78,55.56,-4.12
69.67380952380952,55.64,-28.42
69.51944444444445,55.87,-101.34
70.69,56.01,-149.97
67.40243902439026,56.08,-174.28
71.29749999999999,56.29,112.78
62.71904761904763,56.36,88.47
63.325,56.49,39.83
63.61590909090909,56.56,15.5
72.95263157894736,56.62,-8.82
69.5925,56.69,-33.14
73.39444444444445,56.94,-130.42
69.07948717948717,57.0,-154.75
62.81904761904761,57.06,-179.07
71.87027027027027,57.3,83.63
63.23809523809525,57.36,59.3
63.431707317073176,57.41,34.96
71.94285714285714,57.47,10.63
70.55555555555556,57.52,-13.71
71.5861111111111,57.79,-135.37
63.510256410256424,57.85,-159.7
63.529268292682936,57.9,175.96
69.99142857142859,57.95,151.62
68.70540540540541,58.06,102.95
62.4051282051282,58.15,54.27
63.69250000000001,58.2,29.93
63.82631578947369,58.25,5.58
69.42,58.3,-18.76
82.05357142857142,58.35,-43.1
63.26410256410256,58.4,-67.44
67.84166666666665,58.53,-140.48
63.9948717948718,58.58,-164.82
70.24,58.62,170.83
68.33030303030303,58.67,146.49
66.09166666666667,58.76,97.8
67.3,58.81,73.45
63.78684210526316,58.85,49.09
72.04242424242425,58.89,24.74
72.66363636363637,58.93,0.39
72.8,59.06,-72.66
70.36969696969697,59.1,-97.01
62.18648648648649,59.18,-145.72
61.70277777777777,59.22,-170.08
69.51176470588237,59.3,141.21
72.465625,59.34,116.86
66.44705882352942,59.42,68.15
62.45555555555555,59.46,43.78
67.15757575757577,59.5,19.42
68.11212121212121,59.54,-4.94
65.65588235294118,59.57,-29.29
63.90833333333334,59.65,-78.01
72.45333333333333,59.69,-102.37
73.54999999999998,59.72,-126.74
62.94999999999998,59.76,-151.1
67.20666666666666,59.79,-175.46
62.957142857142856,59.9,111.45
64.2529411764706,59.97,62.72
71.25333333333333,60.01,38.35
73.20333333333335,60.04,13.98
69.45161290322581,60.11,-34.75
62.52000000000001,60.14,-59.11
71.92666666666668,60.18,-83.48
64.58285714285714,60.21,-107.85
63.94857142857143,60.28,-156.59
72.64,60.34,154.67
70.39,60.37,130.3
63.321875,60.44,81.56
71.72068965517242,60.5,32.81
69.06551724137931,60.53,8.44
71.11333333333333,60.56,-15.93
73.04137931034484,60.71,-137.8
70.12666666666668,60.81,149.07
62.44545454545454,60.86,100.32
62.47878787878787,60.89,75.94
70.44137931034483,60.92,51.56
74.34615384615384,60.95,27.17
67.85312499999999,60.98,2.8
69.31379310344828,61.01,-21.58
69.68620689655171,61.06,-70.34
70.19655172413793,61.29,94.61
62.92727272727272,61.31,70.22
70.01071428571429,61.36,21.45
70.38000000000001,61.42,-27.32
70.30714285714286,61.47,-76.09
64.853125,61.5,-100.48
72.5074074074074,61.52,-124.86
66.7709677419355,61.65,113.2
73.944,61.72,40.03
62.980645161290326,61.75,15.64
73.61538461538463,61.77,-8.75
74.07692307692308,61.8,-33.14
72.01481481481483,61.82,-57.52
72.4148148148148,61.87,-106.31
66.65333333333334,61.92,-155.1
71.33928571428571,61.97,156.12
69.18620689655172,61.99,131.73
69.92142857142858,62.04,82.94
72.136,62.06,58.55
70.59642857142858,62.08,34.15
72.28928571428573,62.2,-87.82
79.064,62.22,-112.22
72.63461538461539,62.29,174.59
65.0225806451613,62.34,125.8
65.71290322580644,62.36,101.4
67.425,62.38,77.0
65.91612903225807,62.4,52.6
76.89999999999999,62.42,28.2
77.24999999999999,62.45,3.8
74.556,62.47,-20.59
64.08666666666666,62.49,-44.99
73.62,62.53,-93.79
65.03666666666668,62.64,144.2
71.91851851851852,62.66,119.8
71.90400000000001,62.71,70.99
72.72692307692307,62.73,46.59
74.884,62.75,22.18
70.44814814814815,62.77,-2.22
69.10357142857143,62.79,-26.62
76.11923076923077,62.83,-75.42
64.39999999999999,62.85,-99.83
71.03703703703702,62.87,-124.24
69.66071428571428,62.89,-148.64
68.53214285714284,62.98,113.74
71.57037037037037,63.0,89.34
72.17407407407407,63.01,64.93
77.23200000000001,63.03,40.52
70.21428571428572,63.06,16.11
74.28076923076922,63.12,-57.1
66.11,63.14,-81.51
65.92333333333333,63.24,156.44
66.71666666666667,63.26,132.04
72.96923076923078,63.29,83.21
77.25200000000001,63.31,58.8
78.42916666666667,63.33,34.39
71.88518518518518,63.47,-136.49
66.1,63.51,174.69
75.616,63.54,125.87
74.40384615384616,63.56,101.45
77.48,63.58,77.04
78.69166666666668,63.6,52.62
78.00800000000001,63.62,28.2
71.22222222222223,63.64,3.79
66.73103448275862,63.71,-93.86
70.87037037037037,63.79,168.48
74.18,63.82,119.64
75.45200000000001,63.86,70.8
76.62799999999999,63.87,46.38
74.33076923076922,63.89,21.97
68.08518518518518,63.91,-2.44
78.22916666666667,63.93,-26.86
67.91428571428573,63.97,-75.7
64.26333333333334,63.98,-100.12
67.70714285714284,64.04,-173.37
68.10357142857143,64.08,137.79
71.47692307692309,64.09,113.37
74.836,64.11,88.95
75.096,64.13,64.52
75.40400000000001,64.14,40.1
71.07407407407408,64.16,15.68
72.82692307692307,64.2,-33.15
64.61999999999999,64.22,-57.57
67.87500000000001,64.25,-106.42
69.35555555555555,64.32,155.89
73.964,64.34,131.47
70.93333333333334,64.35,107.05
63.02,64.37,82.62
70.05555555555556,64.4,33.77
64.22,64.47,-63.92
74.32962962962962,64.58,149.52
64.1774193548387,64.59,125.1
71.34285714285714,64.61,100.67
73.93333333333334,64.62,76.24
63.52333333333334,64.66,27.39
69.71724137931032,64.69,-21.46
69.90370370370371,64.71,-45.89
70.83928571428572,64.73,-70.32
71.37500000000001,64.74,-94.75
67.47142857142858,64.81,167.54
68.21724137931034,64.84,118.68
75.78846153846153,64.86,94.25
68.58888888888889,64.87,69.81
63.05483870967742,64.89,45.38
70.73928571428571,64.92,-3.47
68.5206896551724,64.95,-52.33
68.29655172413794,64.97,-76.77
65.425,65.05,161.07
63.47096774193548,65.06,136.64
69.06666666666666,65.09,87.77
65.21875,65.11,63.33
69.11,65.13,38.9
69.55714285714285,65.14,14.47
65.86896551724138,65.19,-58.83
62.506451612903234,65.2,-83.27
72.75000000000001,65.33,81.25
71.56923076923077,65.34,56.81
63.02499999999999,65.36,32.37
67.59,65.37,7.94
70.35714285714286,65.41,-40.93
63.58437500000001,65.42,-65.37
69.8103448275862,65.43,-89.82
60.70312500000001,65.46,-138.69
72.44137931034484,65.49,172.44
68.64666666666669,65.51,148.0
63.64848484848485,65.52,123.56
74.13214285714287,65.54,99.11
64.003125,65.55,74.67
69.82413793103449,65.57,50.23
64.5375,65.58,25.79
63.5264705882353,65.64,-71.98
71.98333333333333,65.65,-96.42
62.997058823529414,65.68,-145.3
63.67499999999999,65.78,43.59
73.8,65.8,19.16
70.66333333333334,65.84,-54.18
63.50285714285714,65.86,-103.07
67.25757575757575,65.94,134.7
71.53,65.95,110.25
71.89666666666668,65.96,85.8
62.81714285714284,65.97,61.35
71.04827586206896,65.99,36.9
63.3638888888889,66.04,-60.89
73.30967741935484,66.05,-85.34
64.46285714285713,66.08,-134.24
68.0225806451613,66.09,-158.69
70.903125,66.11,176.86
67.95454545454547,66.13,127.96
70.23103448275862,66.14,103.51
62.945714285714295,66.15,79.05
74.51612903225806,66.23,-67.67
70.93124999999999,66.24,-92.12
62.92702702702703,66.27,-141.02
65.41428571428571,66.3,145.61
63.333333333333336,66.31,121.16
73.609375,66.33,72.23
70.31176470588237,66.36,23.33
62.852631578947374,66.38,-25.58
76.16562499999999,66.4,-74.51
64.4657894736842,66.45,-172.34
63.45128205128205,66.46,163.2
70.00425531914894,-48.13,46.64
63.01923076923077,-48.69,-2.76
68.6872340425532,-49.25,-52.17
65.31020408163266,-50.05,-126.29
68.81111111111113,-50.84,159.59
66.79777777777778,-52.33,11.29
70.08333333333334,-52.57,-13.43
62.63958333333333,-52.81,-38.14
63.94782608695652,-53.27,-87.58
71.86410256410257,-54.6,124.08
64.11818181818182,-54.82,99.34
66.31666666666668,-55.04,74.6
61.88444444444445,-55.45,25.14
70.27179487179487,-55.66,0.41
67.01219512195124,-55.86,-24.32
68.13749999999999,-56.06,-49.06
66.63414634146342,-56.26,-73.79
68.70999999999998,-56.45,-98.53
68.52051282051282,-56.64,-123.27
68.54102564102561,-57.03,-172.75
71.94864864864866,-57.4,137.76
64.31463414634146,-57.59,113.01
63.02142857142857,-57.77,88.26
73.22857142857143,-58.31,14.0
66.31538461538462,-58.66,-35.5
68.03947368421052,-58.83,-60.26
62.8219512195122,-58.99,-85.01
66.39473684210525,-59.97,126.41
67.01081081081081,-60.13,101.64
68.0888888888889,-60.59,27.32
64.32702702702703,-60.74,2.55
66.93714285714286,-60.88,-22.22
63.80526315789472,-61.17,-71.78
68.42571428571429,-61.32,-96.55
61.48205128205129,-61.46,-121.34
62.834210526315786,-61.87,164.31
55.02000000000001,-62.14,114.74
70.62121212121214,-62.53,40.34
67.25714285714285,-62.66,15.55
67.68181818181819,-63.03,-58.84
63.8,-63.5,-158.05
66.70588235294116,-63.94,102.71
66.30882352941178,-64.27,28.26
70.375,-64.47,-21.37
60.91891891891893,-64.77,-95.84
65.32058823529412,-65.15,164.86
62.28333333333333,-65.24,140.03
64.06470588235294,-65.33,115.2
66.38437499999999,-65.75,-8.99
66.89374999999998,-65.83,-33.83
61.09714285714285,-65.99,-83.51
69.41612903225807,-66.07,-108.35
68.70967741935483,-66.22,-158.04
64.0,-66.5,102.57
62.65,-66.56,77.71
66.675,-66.69,28.0
69.20333333333333,-66.88,-46.55
69.79,-66.99,-96.27
64.934375,-67.05,-121.12
59.2103448275862,-67.16,-170.84
65.58709677419354,-67.21,164.3
63.34848484848484,-67.26,139.44
64.66250000000001,-67.31,114.58
69.3241379310345,-67.49,15.11
71.73571428571428,-67.58,-34.61
61.333333333333336,-67.62,-59.48
62.70000000000001,-67.66,-84.34
68.24666666666667,-67.69,-109.21
64.99354838709678,-67.76,-158.94
64.16774193548387,-67.8,176.19
64.91935483870968,-67.86,126.46
62.675000000000004,-67.89,101.59
61.44333333333334,-67.92,76.71
69.1793103448276,-67.97,26.97
61.23333333333333,-68.0,2.11
66.39666666666666,-68.02,-22.76
63.82903225806451,-68.04,-47.63
60.91290322580646,-68.08,-97.36
62.95483870967742,-68.1,-122.23
67.20370370370371,-68.12,-147.1
68.66206896551724,-68.14,-171.97
67.23448275862069,-68.16,138.3
63.393548387096786,-68.18,113.43
61.47500000000001,-68.19,88.57
65.98965517241379,-68.23,-110.36
68.83928571428571,-68.23,-135.22
68.75714285714285,-68.2,25.9
64.3,-68.18,-23.8
64.21785714285714,-68.15,-73.5
64.80714285714286,-68.14,-98.36
69.80000000000001,-68.12,-123.21
66.31724137931035,-68.11,-148.06
65.65555555555555,-68.09,-172.9
62.364516129032246,-68.07,162.25
67.59285714285714,-67.96,38.03
63.73214285714285,-67.91,-11.65
66.45185185185184,-67.89,-36.48
64.53928571428571,-67.86,-61.31
67.79615384615384,-67.8,-110.98
64.25714285714285,-67.77,-135.81
62.300000000000004,-67.74,-160.64
67.21923076923075,-67.7,174.53
59.41333333333332,-67.67,149.71
65.97916666666666,-67.64,124.88
66.7,-67.6,100.06
69.2,-67.56,75.23
62.278571428571425,-67.45,0.77
61.14827586206897,-67.41,-24.04
68.45925925925926,-67.37,-48.85
62.983333333333334,-67.33,-73.67
66.68214285714286,-67.24,-123.29
69.512,-67.19,-148.1
61.87,-66.75,-11.3
64.9925925925926,-66.64,-60.87
70.73461538461538,-66.59,-85.66
63.918518518518525,-66.47,-135.23
62.971428571428575,-66.41,-160.01
70.28461538461539,-65.99,26.56
64.08620689655172,-65.86,-22.97
70.47692307692306,-65.73,-72.5
69.36923076923078,-65.66,-97.26
63.75185185185185,-65.59,-122.03
68.16666666666667,-65.52,-146.78
60.14642857142858,-65.45,-171.54
65.58076923076923,-65.38,163.71
65.58076923076922,-65.24,114.21
63.71481481481482,-64.87,-9.52
63.5448275862069,-64.8,-34.26
64.725,-64.72,-59.0
61.310714285714276,-64.64,-83.74
69.66538461538461,-64.56,-108.47
63.04137931034482,-64.48,-133.21
66.18076923076923,-64.41,-157.94
63.451851851851856,-64.16,127.88
67.46666666666665,-64.0,78.43
59.786206896551725,-63.92,53.7
65.82142857142857,-63.75,4.26
66.61481481481482,-63.58,-45.16
66.95833333333333,-63.49,-69.88
63.537931034482774,-63.4,-94.59
68.35999999999999,-63.31,-119.3
67.29259259259258,-63.22,-144.01
62.62413793103448,-63.13,-168.72
65.33461538461539,-63.05,166.58
65.82857142857144,-62.96,141.87
67.04814814814816,-62.77,92.47
65.13076923076923,-62.4,-6.32
69.48400000000001,-62.21,-55.7
60.63214285714286,-62.11,-80.39
67.51599999999999,-62.02,-105.09
64.98076923076924,-61.82,-154.46
63.644444444444446,-61.72,-179.15
61.421428571428564,-61.62,156.17
70.5576923076923,-61.52,131.49
57.98148148148148,-61.42,106.81
69.652,-61.32,82.13
64.77999999999999,-60.71,-65.91
66.05,-60.6,-90.58
64.92692307692309,-60.49,-115.25
63.92413793103448,-60.39,-139.92
66.37037037037037,-60.28,-164.59
65.352,-59.85,96.77
65.68928571428572,-59.74,72.11
62.475,-59.63,47.45
60.01379310344827,-59.29,-26.51
69.036,-59.18,-51.17
62.535714285714285,-59.07,-75.82
64.83703703703704,-58.95,-100.47
67.67307692307692,-58.84,-125.12
62.593333333333334,-58.72,-149.77
70.96666666666667,-58.61,-174.42
60.63793103448277,-58.26,111.65
65.2925925925926,-58.14,87.01
59.74333333333333,-58.02,62.37
67.1923076923077,-57.66,-11.55
63.41428571428572,-57.54,-36.18
68.46923076923078,-57.42,-60.82
59.936666666666675,-57.05,-134.72
65.19655172413795,-56.93,-159.35
62.93928571428571,-56.81,176.02
65.49999999999999,-56.68,151.39
68.17307692307692,-56.56,126.76
66.76923076923077,-56.43,102.14
60.872413793103455,-56.3,77.51
63.975,-55.79,-20.99
67.46071428571427,-55.66,-45.61
64.82173913043479,-55.53,-70.23
69.18400000000001,-55.4,-94.85
61.683870967741946,-55.27,-119.47
62.172413793103445,-55.14,-144.09
63.54333333333333,-55.0,-168.7
52.824000000000005,-54.87,166.68
69.01923076923077,-54.74,142.07
65.83103448275861,-54.61,117.46
68.50384615384614,-54.47,92.84
60.440909090909095,-53.51,-79.42
66.77931034482758,-53.37,-104.03
67.77037037037037,-53.23,-128.64
59.441379310344836,-53.09,-153.24
71.1222222222222,-52.94,-177.85
63.05862068965517,-52.52,108.35
71.56296296296297,-52.37,83.75
61.74333333333333,-52.23,59.15
67.68620689655172,-51.2,-113.03
68.61851851851851,-51.04,-137.62
60.68064516129033,-50.89,-162.22
61.87333333333334,-50.74,173.19
60.629032258064505,-50.44,124.01
66.07,-50.13,74.83
66.35,-49.51,-23.52
68.4925925925926,-49.2,-72.69
63.71034482758621,-49.04,-97.28
71.32962962962962,-48.87,-121.86
61.390625,-48.71,-146.45
71.3111111111111,-48.55,-171.03
64.0483870967742,-47.74,66.06
71.2,-46.22,-155.13
73.39629629629631,-46.05,-179.71
61.55151515151515,-45.53,106.57
72.19642857142857,-45.18,57.43
64.96129032258064,-44.65,-16.29
62.13030303030303,-44.29,-65.42
66.84838709677419,-43.92,-114.56
61.97878787878788,-43.74,-139.13
66.40322580645162,-43.55,-163.7
66.876,-42.63,73.47
70.00333333333333,-42.44,48.9
72.78214285714286,-42.25,24.34
66.490625,-41.87,-24.79
68.87000000000002,-41.68,-49.35
62.51470588235294,-41.48,-73.92
70.92000000000002,-41.29,-98.48
68.25806451612904,-41.09,-123.05
61.817647058823525,-40.89,-147.61
70.08275862068967,-40.3,138.71
70.22000000000001,-39.9,89.59
67.175,-39.49,40.47
62.66857142857142,-39.29,15.91
63.29428571428572,-38.89,-33.21
59.95142857142858,-38.47,-82.32
68.85,-38.26,-106.88
63.22857142857144,-38.05,-131.44
64.6735294117647,-36.98,105.78
62.27837837837837,-36.11,7.56
70.746875,-35.9,-16.99
61.75675675675677,-35.68,-41.55
70.66944444444447,-83.92,-51.8
68.87027027027028,-83.92,-75.83
72.50857142857141,-83.92,-99.85
68.98611111111113,-83.91,-123.88
69.08333333333331,-83.91,-147.91
71.38285714285716,-83.91,163.99
70.01081081081081,-83.9,91.88
72.56486486486487,-83.87,-52.45
63.07619047619047,-83.86,-76.51
70.70270270270271,-83.86,-100.56
70.68648648648649,-83.85,-124.63
68.17368421052632,-83.84,-148.71
71.35227272727273,-83.2,-155.37
68.74000000000001,-83.1,83.43
67.36326530612244,-83.0,-37.87
64.73461538461538,-82.98,-62.12
68.01020408163265,-82.96,-86.39
72.804,-82.5,147.22
66.60350877192982,-82.48,122.82
67.03928571428573,-82.46,98.47
70.72962962962964,-82.33,-23.45
68.91052631578947,-82.23,-121.05
68.14655172413794,-82.21,-145.47
65.2095238095238,-82.1,116.83
66.78360655737706,-82.08,92.41
65.4921875,-81.95,-29.83
68.13174603174602,-81.92,-54.27
69.35079365079366,-81.81,-152.23
69.359375,-81.7,109.79
66.9169014084507,-81.52,-37.37
70.26153846153845,-80.61,42.27
69.78888888888889,-80.48,-31.99
73.60000000000004,-80.34,-106.28
74.93191489361705,-49.64,151.69
69.73225806451612,-41.0,165.78
72.1183908045977,-39.13,91.76
75.4609756097561,-37.28,17.78
68.41411764705879,-31.8,155.99
69.21341463414635,-30.6,106.73
66.86184210526316,-19.64,-0.81
80.30666666666666,46.75,-100.1
62.89736842105264,46.53,-124.55
73.30909090909091,45.66,137.65
70.25142857142858,45.44,113.2
67.45277777777778,45.22,88.75
69.73428571428572,44.99,64.29
70.57142857142857,44.77,39.84
64.70789473684209,44.54,15.39
66.79729729729729,44.32,-9.06
70.71142857142856,44.09,-33.52
63.797435897435896,43.63,-82.42
65.6657894736842,43.15,-131.33
63.18709677419355,42.44,155.3
66.20769230769231,42.2,130.84
68.19473684210527,41.72,81.93
69.4054054054054,41.47,57.47
67.18157894736841,41.22,33.01
70.2972972972973,40.98,8.55
62.83809523809524,40.73,-15.91
64.54878048780489,40.49,-40.36
70.41470588235293,40.23,-64.83
62.575555555555546,35.13,-169.66
67.42619047619048,34.56,141.41
69.73846153846154,33.98,92.47
62.948979591836746,27.78,-37.05
36.203125,26.08,-159.47
69.1191489361702,24.35,78.11
66.67659574468084,24.0,53.62
70.13478260869566,23.65,29.13
62.72830188679245,22.2,-68.82
67.66363636363636,15.59,-125.25
71.12156862745098,15.17,-149.76
63.303448275862074,14.75,-174.26
73.82653061224491,13.08,87.72
63.67068965517241,12.65,63.22
72.70943396226416,10.92,-34.81
74.7607843137255,10.48,-59.32
70.9981818181818,9.58,-108.35
73.06851851851852,8.66,-157.38
74.42363636363636,6.36,80.04
77.1148148148148,3.51,-67.08
75.03333333333333,1.51,-165.19
67.55624999999999,1.01,170.28
69.21076923076924,-1.01,72.15
65.1257142857143,-3.07,-25.99
74.30704225352112,-14.17,-157.02
73.95797101449276,-14.75,178.41
75.28421052631585,-19.45,-18.17
67.05795454545455,-21.26,-91.93
74.5253164556962,-22.49,-141.11
71.97666666666667,-36.6,12.68
72.28947368421052,60.11,-49.39
75.39722222222221,59.94,-74.15
73.96315789473684,59.44,-148.42
86.34615384615384,58.74,112.57
66.47419354838708,58.02,13.59
72.15897435897436,57.83,-11.15
68.45116279069768,57.46,-60.63
68.49069767441861,57.26,-85.37
71.25500000000001,57.07,-110.11
73.22564102564102,56.87,-134.85
73.045,55.86,101.49
68.32222222222222,54.79,-22.14
66.39565217391305,54.57,-46.86
74.02439024390243,54.35,-71.58
69.43043478260869,54.12,-96.3
74.17560975609756,53.9,-121.02
69.06666666666666,53.67,-145.74
73.18444444444445,52.48,90.68
74.15581395348836,52.23,65.97
80.45750000000002,51.99,41.26
70.75957446808512,51.48,-8.16
73.7391304347826,50.97,-57.57
68.19583333333334,50.71,-82.28
70.72127659574468,50.44,-106.99
64.73461538461538,50.17,-131.69
73.91521739130434,49.9,-156.4
69.40980392156864,49.62,178.89
69.786,49.34,154.19
72.90434782608695,48.5,80.1
75.97234042553191,47.92,30.7
74.00208333333332,47.62,6.0
74.33541666666667,47.02,-43.4
71.65192307692308,46.71,-68.09
76.56734693877551,46.39,-92.79
70.00740740740741,46.08,-117.49
73.16274509803922,45.76,-142.18
73.2019230769231,45.43,-166.88
72.5888888888889,44.1,94.35
67.45833333333333,42.7,-4.42
67.28387096774195,42.34,-29.11
75.26415094339623,41.97,-53.8
74.19642857142857,41.6,-78.49
73.72280701754386,41.22,-103.18
64.78095238095239,40.83,-127.88
73.28813559322033,40.04,-177.26
70.35396825396826,38.42,83.98
68.54029850746268,37.13,9.9
67.28714285714285,36.24,-39.48
67.15571428571427,35.31,-88.87
66.08611111111111,34.83,-113.57
68.4123287671233,33.85,-162.97
77.51692307692308,32.85,147.63
71.7178082191781,31.81,98.24
72.83243243243241,30.18,24.13
67.0560975609756,29.05,-25.29
72.77662337662336,27.85,-74.71
74.95466666666667,27.23,-99.43
65.8385542168675,26.6,-124.15
70.59024390243903,25.95,-148.87
76.29117647058824,-32.97,0.13
70.19247311827958,-37.09,-168.35
69.93655913978496,-37.58,167.55
68.29565217391304,-38.51,119.32
76.6765625,-44.17,92.81
78.49672131147541,-44.73,44.44
70.29545454545453,-45.97,-76.58
66.0086956521739,-46.44,-125.0
63.94677419354838,-48.12,41.24
74.68545454545455,-48.49,-7.24
72.10877192982457,-48.85,-55.72
67.38474576271187,-49.2,-104.19
74.60192307692309,-49.54,-152.68
67.27567567567569,-56.52,-148.85
69.74594594594596,-56.31,138.17
69.89729729729729,-56.17,89.51
67.35897435897436,-56.02,40.87
60.81136363636362,-55.72,-56.42
61.665116279069785,-55.64,-80.74
61.220454545454544,-55.48,-129.38
64.2642857142857,-55.4,-153.69
66.57560975609756,-55.31,-178.0
61.06000000000001,-55.23,157.68
67.38780487804878,-54.98,84.73
62.485365853658536,-54.71,11.8
61.60434782608696,-54.62,-12.5
65.5953488372093,-54.54,-36.82
64.8288888888889,-54.17,-134.04
62.66808510638299,-54.06,-158.34
65.7488888888889,-53.96,177.36
62.62765957446808,-53.87,153.06
69.8288888888889,-52.7,-114.2
67.63695652173914,-52.58,-138.48
66.01428571428572,-52.33,172.96
63.12115384615385,-52.22,148.67
72.1311111111111,-52.1,124.38
66.19411764705882,-51.45,2.99
78.99285714285715,-51.32,-21.29
65.1754716981132,-51.05,-69.85
64.30727272727273,-50.91,-94.12
64.08363636363636,-50.77,-118.39
69.798,-50.62,-142.65
67.70188679245283,-50.46,-166.91
70.83333333333333,-50.31,168.82
72.23200000000001,-50.02,120.29
72.04146341463418,-49.7,71.77
64.34883720930233,-49.53,47.51
69.67222222222222,-49.36,23.26
68.86428571428571,-48.68,-73.76
70.00357142857142,-48.31,-122.25
64.62903225806451,-48.12,-146.48
71.72678571428573,-47.92,-170.72
71.51929824561402,-47.73,165.03
65.44313725490197,-47.34,116.55
77.07142857142857,-46.7,43.86
71.25000000000004,-45.57,-77.27
70.9484375,-45.07,-125.69
65.04647887323945,-44.54,-174.1
65.84084507042255,-44.01,137.48
65.22894736842103,-41.9,-31.86
73.37444444444444,-35.58,-34.02
68.90462962962964,-33.16,-130.32
76.7269662921348,17.5,-118.2
69.11875,18.34,-142.97
64.1788732394366,24.32,19.06
68.86666666666672,24.98,-5.67
74.39411764705882,29.76,156.62
66.14109589041097,30.86,107.21
76.03548387096772,31.39,82.5
70.69062500000001,34.36,-65.7
49.027083333333344,35.27,-115.08
71.70000000000002,35.72,-139.78
72.21272727272726,41.39,-125.48
74.33529411764707,42.12,-174.86
71.36851851851851,42.82,135.75
71.84705882352944,43.52,86.36
73.178,-50.78,13.31
78.70212765957447,-50.92,-10.96
74.446,-51.06,-35.22
66.35,-51.2,-59.48
63.676785714285714,-51.34,-83.74
64.4309090909091,-51.47,-108.0
63.728888888888896,-51.74,-156.54
70.428,-52.24,106.37
74.76888888888888,-52.59,33.55
73.1586956521739,-52.7,9.26
69.03541666666665,-53.26,-112.15
68.23695652173915,-53.46,-160.72
73.69545454545457,-53.56,174.98
67.09166666666667,-53.66,150.69
66.88510638297872,-53.97,77.83
72.15714285714287,-54.06,53.54
75.91052631578945,-54.24,4.93
72.7439024390244,-54.61,-92.26
72.96428571428572,-54.69,-116.56
71.6046511627907,-54.78,-140.86
64.47608695652174,-54.86,-165.17
66.94090909090909,-54.94,170.52
64.6531914893617,-55.11,121.92
76.25384615384615,-55.28,73.31
72.44102564102562,-55.66,-48.26
70.90256410256409,-55.74,-72.57
73.31025641025641,-55.88,-121.2
70.76153846153846,-55.95,-145.52
71.20769230769231,-56.02,-169.84
77.02777777777777,-56.23,117.2
72.78108108108108,-56.43,44.24
67.81282051282051,-56.76,-77.39
65.94358974358974,-56.82,-101.72
64.34634146341462,-56.94,-150.38
62.74499999999999,-57.0,-174.71
62.89761904761905,-57.06,160.96
70.41578947368421,-57.12,136.63
73.97777777777779,-57.3,63.64
72.91428571428573,-57.51,-33.71
67.02820512820514,-57.63,-82.38
66.94054054054054,-57.73,-131.06
74.15454545454544,-57.78,-155.4
63.1025,-57.83,180.25
73.53125000000001,-58.09,58.55
69.78,-58.18,9.85
56.45384615384615,-58.28,-38.84
66.13611111111112,-58.33,-63.18
62.67499999999999,-58.42,-111.88
69.50882352941176,-58.51,-160.59
64.32368421052631,-58.56,175.06
65.92424242424242,-58.7,102.02
74.903125,-58.74,77.67
68.33939393939393,-58.78,53.31
73.76451612903226,-58.82,28.95
72.0,-58.95,-44.11
64.28055555555555,-58.99,-68.47
66.10555555555555,-59.08,-117.18
71.29090909090907,-59.11,-141.54
67.27714285714286,-59.15,-165.9
72.07741935483871,-59.19,169.74
75.30645161290323,-59.28,121.03
62.170270270270265,-59.32,96.67
66.3294117647059,-59.35,72.31
74.91666666666667,-59.43,23.58
78.14482758620689,-59.5,-25.15
64.14722222222223,-59.58,-73.87
64.12777777777778,-59.62,-98.23
70.89999999999999,-59.69,-146.97
72.93333333333334,-59.72,-171.34
67.5875,-59.97,18.09
62.04,-60.1,-79.39
69.6774193548387,-60.17,-128.14
74.43214285714285,-60.2,-152.52
71.74333333333334,-60.23,-176.89
67.26875,-60.33,110.0
62.42857142857143,-60.39,61.24
67.48064516129031,-60.49,-11.89
63.79393939393939,-60.52,-36.26
69.96666666666667,-60.58,-85.01
68.30645161290323,-60.64,-133.78
72.67586206896551,-60.67,-158.16
72.55517241379312,-60.7,177.47
64.58181818181818,-60.76,128.71
74.79642857142856,-60.79,104.33
71.04999999999998,-60.82,79.95
63.961764705882345,-60.84,55.57
73.76206896551724,-60.87,31.18
63.896296296296306,-60.99,-66.34
69.91379310344827,-61.01,-90.73
73.46206896551725,-61.06,-139.5
61.0909090909091,-61.09,-163.89
69.15666666666667,-61.48,-169.7
70.51724137931035,-61.59,92.74
72.77142857142857,-61.73,-53.62
68.62857142857142,-61.78,-102.4
67.47037037037038,-61.85,-175.59
69.59642857142856,-61.94,86.83
68.83076923076922,-62.01,13.63
72.21111111111111,-62.06,-35.16
73.13461538461539,-62.08,-59.55
71.95555555555555,-62.12,-108.35
63.78064516129033,-62.15,-132.76
70.63214285714285,-62.17,-157.16
76.33846153846152,-62.21,154.05
74.06153846153845,-62.24,129.65
67.92068965517241,-62.26,105.25
66.85666666666665,-62.28,80.85
71.87037037037035,-62.32,32.04
61.78799999999999,-62.34,7.64
65.68275862068965,-62.37,-16.76
63.181250000000006,-62.39,-41.16
67.71111111111111,-62.41,-65.56
75.33076923076923,-62.43,-89.96
67.91923076923078,-62.47,-138.78
68.39310344827585,-62.51,172.42
75.52307692307693,-62.53,148.02
70.796,-62.56,123.62
64.0074074074074,-62.58,99.21
78.16,-62.6,74.8
70.99642857142858,-62.68,-22.82
62.62666666666667,-62.7,-47.22
67.46071428571429,-62.72,-71.63
68.7448275862069,-62.74,-96.04
61.274193548387096,-62.78,-144.86
66.1392857142857,-62.8,-169.26
71.3423076923077,-62.97,-28.94
69.47407407407408,-63.03,-102.17
67.62142857142858,-63.05,-126.59
62.20322580645162,-63.07,-151.0
62.37666666666667,-63.09,-175.41
70.26153846153848,-63.13,135.78
64.60000000000001,-63.15,111.36
65.21379310344828,-63.16,86.95
69.8851851851852,-63.24,-10.7
63.14,-63.28,-59.53
71.9875,-63.29,-83.94
68.92962962962964,-63.33,-132.78
61.70645161290322,-63.35,-157.19
69.04814814814816,-63.44,80.74
70.52307692307691,-63.47,31.9
69.64074074074074,-63.51,-16.93
73.81600000000002,-63.55,-65.76
75.16,-63.56,-90.18
61.28387096774194,-63.6,-139.02
72.90769230769232,-63.62,-163.44
72.84400000000001,-63.63,172.14
64.21724137931035,-63.68,98.89
78.048,-63.7,74.47
66.91071428571428,-63.75,1.21
65.38620689655171,-63.81,-72.05
70.46538461538462,-63.82,-96.47
60.89354838709678,-63.84,-120.9
74.388,-63.85,-145.32
72.78148148148149,-63.87,-169.74
72.31923076923077,-63.91,141.42
73.976,-63.94,92.58
67.64800000000001,-63.97,43.73
70.25357142857145,-64.01,-5.12
69.37407407407407,-64.04,-53.96
78.05200000000002,-64.06,-78.39
72.40370370370368,-64.09,-127.24
75.43846153846155,-64.1,-151.66
38.53478260869566,-64.12,-176.09
63.49354838709677,-64.17,110.64
68.36551724137931,-64.19,86.21
71.15714285714286,-64.2,61.79
66.29,-64.28,-60.34
74.12692307692308,-64.3,-84.77
64.00322580645161,-64.31,-109.2
73.12692307692308,-64.33,-133.63
70.5185185185185,-64.41,104.23
71.64444444444445,-64.42,79.81
73.63076923076923,-64.47,6.52
68.48928571428573,-64.5,-42.34
74.21923076923078,-64.52,-66.77
70.36296296296297,-64.53,-91.21
74.78800000000001,-64.58,-164.5
69.70344827586209,-64.64,97.78
61.961290322580645,-64.65,73.35
63.1125,-64.72,-24.38
77.36923076923077,-64.73,-48.81
74.09999999999998,-64.76,-97.69
62.63333333333335,-64.77,-122.12
65.18709677419355,-64.79,-146.55
61.76363636363636,-64.8,-170.98
72.248,-64.83,140.15
67.26296296296297,-64.85,115.71
75.97692307692307,-64.95,-55.33
71.79629629629629,-64.96,-79.78
66.17999999999999,-64.98,-104.21
67.58064516129032,-64.99,-128.65
63.821212121212135,-65.01,-153.08
74.41111111111111,-65.02,-177.52
72.39285714285714,-65.05,133.6
73.40357142857144,-65.06,109.17
74.63846153846153,-65.08,84.73
74.57407407407408,-65.16,-61.91
64.90625,-65.17,-86.35
67.12666666666668,-65.19,-110.79
63.903125,-65.2,-135.23
62.75925925925926,-65.23,175.89
63.86666666666666,-65.28,78.13
71.19,-65.3,53.68
72.03793103448277,-65.35,-44.08
70.97666666666667,-65.36,-68.53
71.53448275862071,-65.38,-92.98
73.87142857142855,-65.4,-141.86
64.43030303030302,-65.43,169.25
84.51304347826085,-65.48,71.47
60.73939393939394,-65.52,-1.86
72.59333333333332,-65.55,-50.76
68.76666666666667,-65.56,-75.21
64.10588235294117,-65.57,-99.66
62.92000000000001,-65.58,-124.1
70.91290322580645,-65.59,-148.55
67.521875,-65.61,-172.99
69.90740740740742,-65.66,89.21
70.63666666666667,-65.71,-8.59
74.07499999999999,43.85,61.66
71.43333333333334,46.08,-111.2
72.5127659574468,46.69,-160.59
72.80888888888889,46.98,174.71
68.498,48.43,51.2
72.45217391304348,48.98,1.79
66.89795918367346,50.3,-121.73
67.74130434782607,50.81,-171.14
63.56170212765956,51.8,90.0
71.40731707317074,53.21,-58.29
66.52727272727273,53.43,-83.01
71.22857142857143,53.87,-132.45
69.77560975609755,54.3,178.11
66.1906976744186,54.51,153.39
69.9025,54.72,128.66
67.96829268292683,54.94,103.93
68.11282051282053,55.35,54.46
69.88717948717948,55.75,5.01
66.35853658536585,55.95,-19.72
74.5054054054054,56.14,-44.46
62.776744186046514,56.34,-69.2
68.99743589743588,57.09,-168.14
72.44736842105263,57.27,167.12
70.57567567567567,57.64,117.62
64.65,58.85,-55.63
69.28333333333333,59.34,-129.89
61.09024390243903,59.66,-179.41
70.93428571428572,59.81,155.83
70.37058823529412,59.97,131.07
70.67428571428573,60.12,106.3
67.61666666666667,60.28,81.52
55.234285714285726,60.58,31.99
68.57142857142857,61.01,-42.32
67.98571428571428,61.57,-141.42
67.0918918918919,61.83,169.02
67.22285714285714,62.1,119.45
64.92499999999998,62.23,94.65
61.449999999999996,62.36,69.86
69.34242424242423,62.48,45.07
66.74166666666666,62.85,-29.3
65.84857142857142,62.97,-54.09
70.68437499999999,63.21,-103.69
66.43235294117648,63.55,-178.08
65.12941176470588,63.77,132.31
69.42187499999999,63.88,107.49
67.75151515151515,63.99,82.68
68.10588235294118,64.3,8.25
69.33666666666666,64.6,-66.2
67.93749999999999,64.7,-91.01
65.31428571428572,64.88,-140.65
68.36774193548388,65.07,169.71
71.50967741935484,65.34,95.23
67.62258064516128,65.42,70.39
67.46923076923078,65.59,20.74
69.80625000000002,65.67,-4.09
65.371875,65.75,-28.92
69.97,65.91,-78.6
68.26875,66.13,-153.11
65.22903225806452,66.2,-177.94
66.56666666666666,66.27,157.22
70.15862068965517,66.41,107.53
69.3967741935484,66.48,82.67
65.45806451612903,66.67,8.14
64.3375,66.74,-16.71
68.69655172413795,66.8,-41.55
69.13448275862069,67.08,-165.81
64.42758620689656,67.13,169.34
66.97666666666666,67.18,144.49
66.90333333333334,67.28,94.77
64.09354838709677,67.33,69.9
66.86551724137932,67.42,20.19
60.468965517241365,67.47,-4.66
68.57333333333334,67.51,-29.52
64.35333333333332,67.55,-54.38
70.94482758620688,67.7,-153.82
65.31,67.74,-178.68
65.68620689655172,67.8,131.6
64.37666666666667,67.86,81.87
65.66896551724139,67.89,57.0
66.88214285714287,67.97,-17.58
69.04482758620689,68.02,-67.3
67.55357142857143,68.06,-117.03
69.17037037037038,68.15,118.66
64.4344827586207,68.16,93.8
62.34516129032258,68.17,68.93
69.9074074074074,68.23,-154.8
75.85,68.23,130.64
61.50333333333334,68.1,142.75
70.1846153846154,68.04,68.22
65.98076923076923,67.96,-31.12
64.18928571428572,67.93,-55.95
62.978571428571435,67.91,-80.78
69.8923076923077,67.82,-155.28
64.7925925925926,67.74,130.25
70.95599999999999,67.67,80.6
69.18461538461538,67.64,55.78
65.89999999999999,67.6,30.96
58.35925925925926,67.53,-18.67
55.40434782608696,67.49,-43.48
69.7,67.37,-117.92
63.83571428571429,67.33,-142.73
68.91538461538461,67.29,-167.53
64.21428571428571,67.25,167.67
63.117857142857154,67.2,142.86
68.05384615384615,67.16,118.06
66.31111111111112,67.11,93.26
69.46153846153847,67.07,68.46
61.20689655172413,67.02,43.65
64.83214285714286,66.92,-5.93
62.95,66.88,-30.72
61.69310344827586,66.83,-55.51
62.08275862068965,66.77,-80.3
65.97407407407407,66.51,155.78
67.868,66.34,81.45
70.044,66.22,31.89
66.52222222222223,66.16,7.13
67.25,66.1,-17.64
69.084,65.52,119.52
67.87307692307692,65.45,94.76
65.03703703703705,65.31,45.26
62.43928571428571,65.1,-28.97
68.0423076923077,65.03,-53.71
72.10000000000001,64.66,-177.41
65.54444444444445,64.35,83.68
70.828,64.19,34.22
68.4875,64.11,9.5
62.57857142857142,63.87,-64.65
64.025,63.79,-89.37
70.19200000000001,63.45,171.77
71.69200000000001,63.36,147.07
70.71600000000001,63.28,122.36
65.20370370370371,63.19,97.66
64.61428571428571,63.1,72.95
71.284,62.75,-25.85
66.77777777777779,62.47,-99.94
69.79615384615384,62.1,161.3
68.19615384615385,61.91,111.93
63.521428571428565,61.81,87.24
67.27037037037037,61.62,37.87
69.24230769230769,61.52,13.2
66.6962962962963,60.72,175.81
62.51111111111111,60.52,126.47
70.27692307692308,60.41,101.81
65.62857142857143,60.31,77.14
69.93846153846155,60.1,27.82
65.31153846153845,59.45,-120.13
64.70357142857144,59.23,-169.43
71.304,59.01,141.27
71.304,58.9,116.62
64.96923076923078,58.79,91.97
62.52758620689655,58.68,67.33
68.91923076923077,58.56,42.68
65.51428571428572,57.99,-80.53
71.984,57.87,-105.17
67.82962962962964,57.75,-129.81
66.70357142857144,57.52,-179.08
71.90384615384616,57.16,107.02
67.41481481481482,57.04,82.39
63.56206896551725,56.92,57.76
68.4074074074074,56.8,33.13
67.14285714285714,56.68,8.5
70.53076923076924,56.19,-90.0
66.24285714285715,56.06,-114.62
65.16153846153846,55.68,171.51
71.65769230769232,55.43,122.27
63.82692307692308,55.3,97.66
70.116,55.17,73.04
65.44827586206895,54.91,23.8
66.7,54.65,-25.42
69.62592592592593,54.52,-50.03
70.34814814814816,54.39,-74.64
71.79615384615384,54.12,-123.87
64.18666666666667,53.98,-148.48
66.05862068965517,53.31,88.49
73.64230769230768,53.17,63.88
72.36538461538461,53.03,39.28
63.18064516129032,52.89,14.68
67.28518518518518,52.48,-59.12
68.37037037037037,52.34,-83.72
70.80526315789473,51.76,177.88
70.29285714285713,51.33,104.09
66.74285714285715,51.18,79.5
68.2,51.03,54.9
67.38571428571429,50.89,30.31
64.34516129032257,50.59,-18.87
70.83214285714284,50.3,-68.05
69.65185185185186,50.14,-92.64
71.5642857142857,49.07,95.25
64.37666666666665,48.91,70.66
62.03548387096774,48.76,46.08
63.63999999999999,48.6,21.49
63.668749999999996,48.45,-3.09
71.39629629629631,47.64,-126.0
64.78333333333335,47.48,-150.58
62.361290322580636,47.16,160.27
69.64642857142856,46.66,86.53
65.51,46.5,61.96
69.43214285714286,46.16,12.81
70.95925925925926,45.83,-36.34
73.41785714285716,45.49,-85.49
61.35757575757575,45.14,-134.64
69.63000000000001,44.62,151.65
68.30322580645164,43.91,53.37
